-- phpMyAdmin SQL Dump
-- version 4.9.5
-- https://www.phpmyadmin.net/
--
-- Host: 127.0.0.1:3306
-- Generation Time: May 22, 2020 at 12:18 PM
-- Server version: 10.4.12-MariaDB
-- PHP Version: 7.2.29

SET SQL_MODE = "NO_AUTO_VALUE_ON_ZERO";
SET AUTOCOMMIT = 0;
START TRANSACTION;
SET time_zone = "+00:00";


/*!40101 SET @OLD_CHARACTER_SET_CLIENT=@@CHARACTER_SET_CLIENT */;
/*!40101 SET @OLD_CHARACTER_SET_RESULTS=@@CHARACTER_SET_RESULTS */;
/*!40101 SET @OLD_COLLATION_CONNECTION=@@COLLATION_CONNECTION */;
/*!40101 SET NAMES utf8mb4 */;

--
-- Database: `u484501816_oni`
--

-- --------------------------------------------------------

--
-- Table structure for table `notif`
--

CREATE TABLE `notif` (
  `id` int(11) DEFAULT NULL,
  `pesan1` varchar(45) COLLATE utf8mb4_unicode_ci NOT NULL,
  `pesan2` varchar(45) COLLATE utf8mb4_unicode_ci NOT NULL
) ENGINE=InnoDB DEFAULT CHARSET=utf8mb4 COLLATE=utf8mb4_unicode_ci;

-- --------------------------------------------------------

--
-- Table structure for table `tb_coba`
--

CREATE TABLE `tb_coba` (
  `no` int(45) NOT NULL,
  `id_kapal` varchar(45) COLLATE utf8mb4_unicode_ci NOT NULL,
  `latitude` varchar(45) COLLATE utf8mb4_unicode_ci NOT NULL,
  `longitude` varchar(45) COLLATE utf8mb4_unicode_ci NOT NULL,
  `status` varchar(45) COLLATE utf8mb4_unicode_ci NOT NULL,
  `time` time NOT NULL,
  `date` date NOT NULL DEFAULT current_timestamp(),
  `id_gw` varchar(45) COLLATE utf8mb4_unicode_ci NOT NULL,
  `time_db` varchar(45) COLLATE utf8mb4_unicode_ci NOT NULL
) ENGINE=InnoDB DEFAULT CHARSET=utf8mb4 COLLATE=utf8mb4_unicode_ci;

--
-- Dumping data for table `tb_coba`
--

INSERT INTO `tb_coba` (`no`, `id_kapal`, `latitude`, `longitude`, `status`, `time`, `date`, `id_gw`, `time_db`) VALUES
(4, '20', '7.123456', '112.123456', 'terbakar', '03:05:09', '2019-12-08', '40', '03:05:05'),
(5, '20', '7.12345', '112.123456', 'kebocoran', '11:20:21', '2019-12-08', '40', '17:02:34'),
(6, '20', '7.12345', '112.123456', 'kebocoran', '00:03:20', '2019-12-08', '40', '17:03:43'),
(7, '20', '7.12345', '112.123456', 'kebocoran', '00:05:20', '2019-12-08', '40', '12:11:35'),
(8, '20', '7.12345', '112.123456', 'kebocoran', '00:05:20', '2019-12-08', '40', '00:12:53'),
(9, '20', '7.112233', '112.112233', 'kebakaran', '19:11:12', '2019-12-11', '30', '19:16:12'),
(10, '20', '7.112233', '112.112233', 'kebakaran', '19:11:12', '2019-12-11', '30', '19:18:09'),
(11, '20', '7.112233', '112.112233', 'kebakaran', '19:11:12', '2019-12-11', '30', '19:18:40'),
(12, '20', '7.112233', '112.112233', 'kebakaran', '19:11:12', '2019-12-11', '30', '19:20:40'),
(13, '20', '7.112233', '112.112233', 'kebakaran', '19:11:12', '2019-12-11', '30', '19:20:48'),
(14, '20', '7.112233', '112.112233', 'kebakaran', '19:11:12', '2019-12-11', '30', '19:21:00'),
(15, '20', '7.676767', '112.676767', 'kebakaran', '19:25:12', '2019-12-11', '30', '19:25:49'),
(16, '20', '7.112233', '112.112233', 'kebakaran', '19:50:31', '2019-12-11', '30', '19:50:44'),
(17, '20', '7.987654', '112.987654', 'batal', '23:50:51', '2019-12-11', '40', '23:52:09'),
(18, '20', '7.987654', '112.987654', 'batal', '23:50:51', '2019-12-11', '40', '23:54:48'),
(19, '20', '7.987654', '112.987654', 'batal', '23:50:51', '2019-12-11', '40', '23:58:44'),
(20, '20', '7.987654', '112.987654', 'batal', '23:50:51', '2019-12-11', '40', '00:09:51'),
(21, '20', '7.987654', '112.987654', 'batal', '23:50:51', '2019-12-11', '40', '00:14:39'),
(22, '20', '7.987654', '112.987654', 'batal', '23:50:51', '2019-12-11', '40', '00:19:13'),
(23, '20', '7.987654', '112.987654', 'batal', '23:50:51', '2019-12-11', '40', '00:19:38'),
(24, '20', '7.112233', '112.112233', 'kebakaran', '00:22:12', '2019-12-11', '30', '00:22:42'),
(25, '20', '7.112233', '112.112233', 'kebakaran', '00:22:12', '2019-12-11', '30', '00:31:53'),
(26, '20', '7.112233', '112.112233', 'kebakaran', '00:22:12', '2019-12-11', '30', '00:50:14'),
(27, '20', '7.987654', '112.987654', 'batal', '23:50:51', '2019-12-11', '40', '01:03:57'),
(28, '20', '7.987654', '112.987654', 'batal', '23:50:51', '2019-12-11', '40', '01:08:06'),
(29, '20', '7.987654', '112.987654', 'batal', '23:50:51', '2019-12-11', '40', '01:10:18'),
(30, '20', '7.987654', '112.987654', 'batal', '23:50:51', '2019-12-11', '40', '01:10:41'),
(31, '20', '7.987654', '112.987654', 'batal', '01:11:11', '2019-12-11', '40', '01:11:32'),
(32, '20', '7.987654', '112.987654', 'tubrukan', '01:11:11', '2019-12-11', '40', '01:17:18'),
(33, '20', '7.987654', '112.987654', 'batal', '23:26:51', '2019-12-14', '40', '23:27:53'),
(34, '20', '7.987654', '112.987654', 'batal', '23:31:05', '2019-12-14', '40', '23:31:39'),
(35, '20', '7.987654', '112.987654', 'batal', '09:40:12', '2019-12-16', '40', '09:40:10'),
(36, '20', '7.987654', '112.987654', 'tubrukan', '10:11:51', '2019-12-16', '40', '10:12:44'),
(37, '20', '7.987654', '112.987654', 'batal', '23:50:51', '2019-12-17', '40', '11:11:25'),
(38, '20', '7.987654', '112.987654', 'batal', '02:06:51', '2019-12-17', '40', '02:07:25'),
(39, '20', '7.987654', '112.987654', 'tubrukan', '02:06:51', '2019-12-17', '40', '02:08:46'),
(40, '20', '7.987654', '112.987654', 'tubrukan', '02:06:51', '2019-12-17', '40', '02:17:24'),
(41, '20', '7.987654', '112.987654', 'tubrukan', '02:06:51', '2019-12-17', '40', '02:28:33'),
(42, '20', '7.987654', '112.987654', 'kandas', '09:33:21', '2019-12-18', '40', '09:33:12'),
(43, '20', '7.987654', '112.987654', 'kandas', '09:33:21', '2019-12-18', '40', '09:33:43'),
(44, '20', '7.987654', '112.987654', 'kandas', '09:33:21', '2019-12-18', '40', '09:34:29'),
(45, '20', '7.987654', '112.987654', 'kandas', '09:33:21', '2019-12-18', '40', '09:35:15'),
(46, '20', '7.987654', '112.987654', 'kandas', '09:33:21', '2019-12-18', '40', '09:35:33'),
(47, '20', '7.987654', '112.987654', 'terbakar', '09:33:21', '2019-12-18', '40', '09:36:33'),
(48, '20', '7.987654', '112.987654', 'terbakar', '09:33:21', '2019-12-18', '40', '09:39:10'),
(49, '20', '7.987654', '112.987654', 'terbakar', '10:46:13', '2019-12-18', '40', '10:46:49'),
(50, '20', '7.987654', '112.987654', 'terbakar', '10:46:13', '2019-12-18', '40', '10:48:24'),
(51, '20', '7.987654', '112.987654', 'terbakar', '10:49:19', '2019-12-18', '40', '10:49:13'),
(52, '20', '7.987654', '112.987654', 'terbakar', '10:49:19', '2019-12-18', '40', '10:49:43'),
(53, '20', '7.987654', '112.987654', 'terbakar', '10:49:19', '2019-12-18', '40', '10:51:30'),
(54, '20', '7.987654', '112.987654', 'terbakar', '10:49:19', '2019-12-18', '40', '10:52:33'),
(55, '20', '7.987654', '112.987654', 'terbakar', '10:49:19', '2019-12-18', '40', '10:52:41'),
(56, '20', '7.987654', '112.987654', 'kandas', '10:49:19', '2019-12-18', '40', '10:53:27'),
(57, '20', '7.987654', '112.987654', 'kandas', '10:49:19', '2019-12-18', '40', '10:54:36'),
(58, '20', '7.987654', '112.987654', 'kandas', '10:49:19', '2019-12-18', '40', '10:59:23'),
(59, '20', '7.987654', '112.987654', 'kandas', '10:49:19', '2019-12-18', '40', '11:03:33'),
(60, '20', '7.987654', '112.987654', 'batal', '10:49:19', '2019-12-18', '40', '11:04:03'),
(61, '20', '7.987654', '112.987654', 'batal', '11:09:19', '2019-12-18', '40', '11:09:27'),
(62, '20', '7.987654', '112.987654', 'batal', '11:09:19', '2019-12-18', '40', '11:10:27'),
(63, '20', '7.987654', '112.987654', 'batal', '11:12:19', '2019-12-18', '40', '11:12:11'),
(64, '20', '7.987654', '112.987654', 'tubrukan', '11:12:19', '2019-12-18', '40', '11:15:46'),
(65, '20', '7.987654', '112.987654', 'tubrukan', '11:28:19', '2019-12-18', '40', '11:28:53'),
(66, '20', '7.987654', '112.987654', 'tubrukan', '11:38:19', '2019-12-18', '40', '11:38:31'),
(67, '20', '7.987654', '112.987654', 'tubrukan', '00:00:00', '2019-12-18', '40', '00:01:01'),
(68, '20', '7.987654', '112.987654', 'batal', '00:19:32', '2019-12-18', '40', '00:20:04'),
(69, '20', '7.987654', '112.987654', 'batal', '00:32:21', '2019-12-18', '40', '00:32:50'),
(70, '20', '7.987654', '112.987654', 'batal', '00:32:21', '2019-12-18', '40', '00:35:52'),
(71, '20', '7.987654', '112.987654', 'kandas', '00:32:21', '2019-12-18', '40', '00:42:18'),
(72, '20', '7.987654', '112.987654', 'kandas', '00:32:21', '2019-12-18', '40', '00:53:27'),
(73, '20', '7.987654', '112.987654', 'kebocoran', '00:59:21', '2019-12-18', '40', '01:00:37'),
(74, '20', '7.987654', '112.987654', 'kebocoran', '01:02:21', '2019-12-18', '40', '01:02:33'),
(75, '20', '7.112233', '112.112233', 'batal', '08:17:31', '2019-12-20', '40', '08:18:01'),
(76, '20', '7.112233', '112.112233', 'batal', '08:17:31', '2019-12-20', '40', '08:18:27'),
(77, '20', '7.112233', '112.112233', 'tubrukan', '08:17:31', '2019-12-20', '40', '08:21:07'),
(78, '20', '7.112233', '112.112233', 'tubrukan', '08:23:31', '2019-12-20', '40', '08:23:21'),
(79, '20', '7.112233', '112.112233', 'tubrukan', '08:23:31', '2019-12-20', '40', '08:23:26'),
(80, '20', '7.112233', '112.112233', 'tubrukan', '08:24:30', '2019-12-20', '40', '08:24:34'),
(81, '20', '7.112233', '112.112233', 'tubrukan', '08:25:30', '2019-12-20', '40', '08:25:52'),
(82, '20', '7.987654', '112.987654', 'batal', '23:50:51', '2020-01-14', '40', '22:38:03'),
(83, '20', '7.987654', '112.987654', 'kebocoran', '23:50:51', '2020-01-14', '40', '22:44:09'),
(84, '20', '7.987654', '112.987654', 'kebocoran', '23:50:51', '2020-01-14', '40', '22:44:49'),
(85, '20', '7.987654', '112.987654', 'batal', '23:50:51', '2020-01-14', '40', '22:45:16'),
(86, '20', '7.987654', '112.987654', 'batal', '23:50:51', '2020-01-14', '40', '22:46:17'),
(87, '20', '7.987654', '112.987654', 'batal', '23:50:51', '2020-01-14', '40', '23:08:51'),
(88, '20', '7.987654', '112.987654', 'batal', '23:50:51', '2020-01-14', '40', '23:10:04'),
(89, '20', '7.987654', '112.987654', 'batal', '23:50:51', '2020-01-14', '40', '23:11:21'),
(90, '20', '7.987654', '112.987654', 'batal', '23:50:51', '2020-01-14', '40', '23:11:45'),
(91, '20', '7.987654', '112.987654', 'batal', '23:50:51', '2020-01-14', '40', '23:12:23'),
(92, '20', '7.987654', '112.987654', 'batal', '23:50:51', '2020-01-14', '40', '23:54:53'),
(93, '20', '7.987654', '112.987654', 'batal', '23:50:51', '2020-01-14', '40', '23:55:28'),
(94, '20', '7.987654', '112.987654', 'batal', '23:50:51', '2020-01-14', '40', '23:55:57'),
(95, '20', '7.987654', '112.987654', 'batal', '23:50:51', '2020-01-14', '40', '23:57:14'),
(96, '20', '7.987654', '112.987654', 'batal', '23:50:51', '2020-01-14', '40', '00:59:41'),
(97, '20', '7.987654', '112.987654', '1', '23:50:51', '2020-01-14', '40', '01:00:24'),
(98, '20', '7.987654', '112.987654', '2', '23:50:51', '2020-01-14', '40', '01:00:35'),
(99, '20', '7.987654', '112.987654', '2', '23:50:51', '2020-01-14', '40', '01:00:44'),
(100, '20', '7.987654', '112.987654', '2', '23:50:51', '2020-01-14', '40', '01:02:15'),
(101, '20', '7.987654', '112.987654', '2', '23:50:51', '2020-01-14', '40', '01:03:10'),
(102, '20', '7.987654', '112.987654', '2', '23:50:51', '2020-01-14', '40', '01:11:41'),
(103, '20', '7.987654', '112.987654', '2', '23:50:51', '2020-01-14', '40', '01:11:51'),
(104, '20', '7.987654', '112.987654', '5', '23:50:51', '2020-01-14', '40', '01:20:46'),
(105, '20', '7.987654', '112.987654', '5', '23:50:51', '2020-01-14', '40', '01:22:01'),
(106, '20', '7.987654', '112.987654', '5', '23:50:51', '2020-01-14', '40', '01:22:17'),
(107, '20', '7.987654', '112.987654', '5', '23:50:51', '2020-01-14', '40', '01:23:10'),
(108, '20', '7.987654', '112.987654', '5', '23:50:51', '2020-01-14', '40', '01:23:40'),
(109, '20', '7.987654', '112.987654', '5', '23:50:51', '2020-01-14', '40', '01:24:23'),
(110, '20', '7.987654', '112.987654', '2', '23:50:51', '2020-01-14', '40', '01:35:17'),
(111, '20', '7.987654', '112.987654', '2', '23:50:51', '2020-01-14', '40', '01:48:58'),
(112, '20', '7.987654', '112.987654', '2', '23:50:51', '2020-01-14', '40', '01:49:01'),
(113, '20', '7.987654', '112.987654', '2', '23:50:51', '2020-01-14', '40', '01:49:19'),
(114, '20', '7.987654', '112.987654', '2', '23:50:51', '2020-01-14', '40', '01:50:51'),
(115, '20', '7.987654', '112.987654', '2', '23:50:51', '2020-01-14', '40', '01:51:16'),
(116, '20', '7.987654', '112.987654', '2', '23:50:51', '2020-01-14', '40', '01:53:45'),
(117, '20', '7.987654', '112.987654', '2', '23:50:51', '2020-01-14', '40', '01:56:22'),
(118, '20', '7.987654', '112.987654', '2', '23:50:51', '2020-01-14', '40', '02:01:00'),
(119, '20', '7.987654', '112.987654', '2', '23:50:51', '2020-01-14', '40', '02:01:02'),
(120, '20', '7.987654', '112.987654', '2', '23:50:51', '2020-01-14', '40', '02:01:08'),
(121, '20', '7.987654', '112.987654', '2', '23:50:51', '2020-01-14', '40', '02:01:25'),
(122, '20', '7.987654', '112.987654', '2', '23:50:51', '2020-01-14', '40', '02:01:37'),
(123, '20', '7.987654', '112.987654', '2', '23:50:51', '2020-01-14', '40', '02:02:48'),
(124, '20', '7.987654', '112.987654', '2', '23:50:51', '2020-01-14', '40', '02:02:50'),
(125, '20', '7.987654', '112.987654', '2', '23:50:51', '2020-01-14', '40', '02:03:05'),
(126, '20', '7.987654', '112.987654', '2', '23:50:51', '2020-01-14', '40', '02:04:10'),
(127, '20', '7.987654', '112.987654', '2', '23:50:51', '2020-01-14', '40', '02:04:11'),
(128, '20', '7.987654', '112.987654', '2', '23:50:51', '2020-01-14', '40', '02:04:11'),
(129, '20', '7.987654', '112.987654', '2', '23:50:51', '2020-01-14', '40', '02:05:13'),
(130, '20', '7.987654', '112.987654', '2', '23:50:51', '2020-01-14', '40', '02:05:14'),
(131, '20', '7.987654', '112.987654', '2', '23:50:51', '2020-01-14', '40', '02:05:23'),
(132, '20', '7.987654', '112.987654', '2', '23:50:51', '2020-01-14', '40', '02:05:57'),
(133, '20', '7.987654', '112.987654', '2', '23:50:51', '2020-01-14', '40', '02:06:36'),
(134, '20', '7.987654', '112.987654', '2', '23:50:51', '2020-01-14', '40', '02:08:22'),
(135, '20', '7.987654', '112.987654', '2', '23:50:51', '2020-01-14', '40', '02:08:41'),
(136, '20', '7.987654', '112.987654', '2', '23:50:51', '2020-01-14', '40', '02:09:14'),
(137, '20', '7.987654', '112.987654', '4', '23:50:51', '2020-01-14', '40', '02:09:39'),
(138, '20', '7.987654', '112.987654', '2', '23:50:51', '2020-01-14', '40', '02:10:15'),
(139, '20', '7.987654', '112.987654', '2', '23:50:51', '2020-01-14', '40', '02:10:58'),
(140, '20', '7.987654', '112.987654', '4', '23:50:51', '2020-01-14', '40', '02:11:22'),
(141, '20', '7.987654', '112.987654', '3', '23:50:51', '2020-01-14', '40', '02:11:39'),
(142, '20', '7.987654', '112.987654', '2', '23:50:51', '2020-01-14', '40', '02:12:19'),
(143, '20', '7.987654', '112.987654', '2', '23:50:51', '2020-01-14', '40', '02:12:29'),
(144, '20', '7.987654', '112.987654', '2', '23:50:51', '2020-01-14', '40', '02:12:35'),
(145, '20', '7.987654', '112.987654', '2', '23:50:51', '2020-01-14', '40', '02:12:59'),
(146, '20', '7.987654', '112.987654', '2', '23:50:51', '2020-01-14', '40', '02:13:03'),
(147, '20', '7.987654', '112.987654', '2', '23:50:51', '2020-01-14', '40', '02:13:30'),
(148, '20', '7.987654', '112.987654', '2', '23:50:51', '2020-01-14', '40', '02:14:16'),
(149, '20', '7.987654', '112.987654', '2', '23:50:51', '2020-01-14', '40', '02:14:20'),
(150, '20', '7.987654', '112.987654', '5', '23:50:51', '2020-01-14', '40', '02:14:56'),
(151, '20', '7.987654', '112.987654', '5', '23:50:51', '2020-01-14', '40', '02:15:13'),
(152, '20', '7.987654', '112.987654', '2', '23:50:51', '2020-01-14', '40', '02:15:42'),
(153, '20', '7.987654', '112.987654', '2', '23:50:51', '2020-01-14', '40', '02:16:55'),
(154, '20', '7.987654', '112.987654', '2', '23:50:51', '2020-01-14', '40', '02:19:29'),
(155, '20', '7.987654', '112.987654', '2', '23:50:51', '2020-01-14', '40', '02:21:11'),
(156, '20', '7.987654', '112.987654', '5', '23:50:51', '2020-01-14', '40', '02:21:31'),
(157, '20', '7.987654', '112.987654', '2', '23:50:51', '2020-01-14', '40', '02:22:13'),
(158, '20', '7.987654', '112.987654', '2', '23:50:51', '2020-01-14', '40', '02:22:21'),
(159, '20', '7.987654', '112.987654', '2', '23:50:51', '2020-01-14', '40', '02:22:25'),
(160, '20', '7.987654', '112.987654', '1', '23:50:51', '2020-01-14', '40', '02:22:33'),
(161, '20', '7.987654', '112.987654', '1', '23:50:51', '2020-01-14', '40', '02:22:56'),
(162, '20', '7.987654', '112.987654', '1', '23:50:51', '2020-01-14', '40', '02:23:17'),
(163, '20', '7.987654', '112.987654', '1', '23:50:51', '2020-01-14', '40', '02:26:15'),
(164, '20', '7.987654', '112.987654', '5', '23:50:51', '2020-01-14', '40', '02:26:40'),
(165, '20', '7.987654', '112.987654', '5', '23:50:51', '2020-01-14', '40', '02:26:45'),
(166, '20', '7.987654', '112.987654', '1', '23:50:51', '2020-01-14', '40', '02:27:08'),
(167, '20', '7.987654', '112.987654', '1', '23:50:51', '2020-01-14', '40', '02:27:11'),
(168, '20', '7.987654', '112.987654', '1', '23:50:51', '2020-01-14', '40', '02:27:30'),
(169, '20', '7.987654', '112.987654', '1', '23:55:51', '2020-01-14', '40', '02:27:43'),
(170, '20', '7.987654', '112.987654', '1', '23:55:51', '2020-01-14', '40', '02:27:50'),
(171, '20', '7.987654', '112.987654', '1', '23:55:51', '2020-01-14', '40', '02:27:55'),
(172, '20', '7.987654', '112.987654', '1', '23:55:51', '2020-01-14', '40', '02:28:10'),
(173, '20', '7.987654', '112.987654', '1', '23:55:51', '2020-01-14', '40', '02:28:25'),
(174, '20', '7.987654', '112.987654', '1', '23:50:51', '2020-01-14', '40', '02:28:38'),
(175, '20', '7.987654', '112.987654', '1', '23:55:51', '2020-01-14', '40', '02:29:03'),
(176, '20', '7.987654', '112.987654', '1', '23:55:51', '2020-01-14', '40', '02:29:20'),
(177, '20', '7.987654', '112.987654', '1', '23:55:51', '2020-01-14', '40', '02:30:29'),
(178, '20', '7.987654', '112.987654', '1', '23:55:51', '2020-01-14', '40', '02:30:37'),
(179, '20', '7.987654', '112.987654', '1', '23:55:51', '2020-01-14', '40', '02:30:47'),
(180, '20', '7.987654', '112.987654', '1', '23:55:51', '2020-01-14', '40', '02:32:40'),
(181, '20', '7.987654', '112.987654', '1', '23:55:51', '2020-01-14', '40', '02:34:58'),
(182, '20', '7.987654', '112.987654', '1', '23:55:51', '2020-01-14', '40', '02:35:09'),
(183, '20', '7.987654', '112.987654', '3', '23:55:51', '2020-01-14', '40', '02:35:21'),
(184, '20', '7.987654', '112.987654', '3', '23:55:51', '2020-01-14', '40', '02:39:51'),
(185, '20', '7.987654', '112.987654', '3', '23:55:51', '2020-01-14', '40', '02:40:01'),
(186, '20', '7.987654', '112.987654', '3', '23:55:51', '2020-01-14', '40', '02:40:26'),
(187, '20', '7.987654', '112.987654', '3', '23:55:51', '2020-01-14', '40', '02:40:36'),
(188, '20', '7.987654', '112.987654', '3', '23:55:51', '2020-01-14', '40', '02:40:58'),
(189, '20', '7.987654', '112.987654', '3', '23:55:51', '2020-01-14', '40', '02:41:02'),
(190, '20', '7.987654', '112.987654', '3', '23:55:51', '2020-01-14', '40', '02:41:30'),
(191, '20', '7.987654', '112.987654', '3', '23:30:51', '2020-01-14', '40', '02:42:08'),
(192, '20', '-7.987654', '112.987654', '3', '23:30:51', '2020-01-14', '40', '02:43:18'),
(193, '20', '7.987654', '112.987654', '2', '23:50:51', '2020-01-14', '40', '02:44:16'),
(194, '20', '7.987654', '112.987654', '2', '23:50:51', '2020-01-14', '40', '02:44:35'),
(195, '20', '7.987654', '112.987654', '2', '23:50:51', '2020-01-14', '40', '02:45:26'),
(196, '20', '7.987654', '112.987654', '2', '23:50:51', '2020-01-14', '40', '02:45:43'),
(197, '20', '7.987654', '112.987654', '2', '23:50:51', '2020-01-14', '40', '02:46:40'),
(198, '20', '7.987654', '112.987654', '1', '23:50:51', '2020-01-14', '40', '02:47:40'),
(199, '20', '7.987654', '112.987654', '2', '23:50:51', '2020-01-14', '40', '02:47:47'),
(200, '20', '7.987654', '112.987654', '2', '23:55:51', '2020-01-14', '40', '02:47:57'),
(201, '20', '7.987654', '112.987654', '2', '23:55:51', '2020-01-14', '40', '02:48:20'),
(202, '20', '7.987654', '112.987654', '2', '23:55:51', '2020-01-14', '40', '02:48:28'),
(203, '20', '7.987654', '112.987654', '2', '23:50:51', '2020-01-14', '40', '03:07:50'),
(204, '20', '7.987654', '112.987654', 'batal', '23:50:51', '2020-01-21', '40', '06:24:01'),
(205, '20', '7.987654', '112.987654', 'batal', '23:50:51', '2020-01-21', '40', '06:24:25'),
(206, '20', '7.987654', '112.987654', '2', '23:50:51', '2020-01-21', '40', '06:49:54'),
(207, '20', '7.987654', '112.987654', 'batal', '23:50:51', '2020-01-22', '40', '23:20:03'),
(208, '20', '7.987654', '112.987654', 'batal', '23:50:51', '2020-01-22', '40', '23:33:19'),
(209, '20', '7.987654', '112.987654', 'batal', '23:50:51', '2020-01-22', '40', '23:35:33'),
(210, '20', '7.987654', '112.987654', '2', '23:50:51', '2020-01-22', '40', '23:38:54'),
(211, '20', '7.987654', '112.987654', 'batal', '23:50:51', '2020-01-22', '40', '23:45:03'),
(212, '20', '7.987654', '112.987654', 'batal', '23:50:51', '2020-01-22', '40', '23:45:15'),
(213, '20', '7.987654', '112.987654', 'batal', '23:50:51', '2020-01-22', '40', '23:45:50'),
(214, '20', '7.112233', '112.112233', '1', '18:10:11', '2020-01-22', '40', '23:50:49'),
(215, '30', '7.112233', '112.112233', '1', '18:10:11', '2020-01-22', '40', '23:51:53'),
(216, '30', '7.112233', '112.112233', '4', '18:10:11', '2020-01-22', '40', '23:52:44');

-- --------------------------------------------------------

--
-- Table structure for table `tb_dummy`
--

CREATE TABLE `tb_dummy` (
  `id` int(45) NOT NULL,
  `id_kapal` varchar(45) COLLATE utf8mb4_unicode_ci NOT NULL,
  `latitude` varchar(45) COLLATE utf8mb4_unicode_ci NOT NULL,
  `longitude` varchar(45) COLLATE utf8mb4_unicode_ci NOT NULL
) ENGINE=InnoDB DEFAULT CHARSET=utf8mb4 COLLATE=utf8mb4_unicode_ci;

--
-- Dumping data for table `tb_dummy`
--

INSERT INTO `tb_dummy` (`id`, `id_kapal`, `latitude`, `longitude`) VALUES
(1, '20', '7.012345', '-112.012345'),
(2, '20', '112.794690', '-7.282002'),
(3, '20', '112.794690', '-7.282002'),
(4, '20', '112.794690', '-7.282002'),
(5, '20', '112.794690', '-7.282002'),
(6, '20', '112.794690', '-7.282002'),
(7, '20', '112.794690', '-7.282002'),
(8, '20', '112.794690', '-7.282002'),
(9, '20', '112.794690', '-7.282002'),
(10, '20', '112.794690', '-7.282002'),
(11, '20', '112.794690', '-7.282002'),
(12, '20', '112.794690', '-7.282002'),
(13, '20', '112.794690', '-7.282002'),
(14, '20', '112.794690', '-7.282002'),
(15, '20', '112.794690', '-7.282002'),
(16, '20', '112.794690', '-7.282002'),
(17, '20', '112.794690', '-7.282002'),
(18, '20', '112.794690', '-7.282002'),
(19, '20', '112.794690', '-7.282002'),
(20, '20', '112.794870', '-7.281961'),
(21, '20', '112.794870', '-7.281961'),
(22, '20', '112.794870', '-7.281961'),
(23, '20', '112.794870', '-7.281961'),
(24, '20', '112.794870', '-7.281961'),
(25, '20', '112.794870', '-7.281961'),
(26, '20', '112.794870', '-7.281961'),
(27, '20', '112.794930', '-7.282070'),
(28, '20', '112.794940', '-7.282068'),
(29, '20', '112.794940', '-7.282068'),
(30, '20', '112.794940', '-7.282068'),
(31, '20', '112.794940', '-7.282068'),
(32, '20', '112.795270', '-7.282179'),
(33, '20', '112.795270', '-7.282179'),
(34, '20', '112.795270', '-7.282179'),
(35, '20', '112.795270', '-7.282179'),
(36, '20', '112.795270', '-7.282179'),
(37, '20', '112.795270', '-7.282179'),
(38, '20', '112.795530', '-7.282118'),
(39, '20', '112.795530', '-7.282118'),
(40, '20', '112.795530', '-7.282118'),
(41, '20', '112.795530', '-7.282118'),
(42, '20', '112.795530', '-7.282118'),
(43, '20', '112.795530', '-7.282118'),
(44, '20', '112.795530', '-7.282118'),
(45, '20', '112.795530', '-7.282118'),
(46, '20', '112.795650', '-7.282177'),
(47, '20', '112.795650', '-7.282177'),
(48, '20', '112.795650', '-7.282177'),
(49, '20', '112.795650', '-7.282177'),
(50, '20', '112.795650', '-7.282177'),
(51, '20', '112.795650', '-7.282177'),
(52, '20', '112.795650', '-7.282177'),
(53, '20', '112.795600', '-7.282023'),
(54, '20', '112.795600', '-7.282023'),
(55, '20', '112.795600', '-7.282023'),
(56, '20', '112.795600', '-7.282023'),
(57, '20', '112.795600', '-7.282023');

-- --------------------------------------------------------

--
-- Table structure for table `tb_dummy1`
--

CREATE TABLE `tb_dummy1` (
  `id` int(11) NOT NULL,
  `latitude` varchar(45) COLLATE utf8mb4_unicode_ci NOT NULL,
  `longitude` varchar(45) COLLATE utf8mb4_unicode_ci NOT NULL,
  `id_kapal` varchar(45) COLLATE utf8mb4_unicode_ci NOT NULL,
  `time` time NOT NULL DEFAULT current_timestamp()
) ENGINE=InnoDB DEFAULT CHARSET=utf8mb4 COLLATE=utf8mb4_unicode_ci;

--
-- Dumping data for table `tb_dummy1`
--

INSERT INTO `tb_dummy1` (`id`, `latitude`, `longitude`, `id_kapal`, `time`) VALUES
(1, '7.123456', '-112.123460', '20', '04:11:53'),
(2, '7.123456', '-112.123460', '30', '04:13:43'),
(3, '7.123456', '-112.123460', '20', '04:13:52'),
(4, '7.123456', '-112.123460', '20', '04:15:31'),
(5, '7.123456', '-112.123460', '20', '04:15:42'),
(6, '7.123456', '-112.123460', '20', '04:16:04'),
(7, '7.123456', '-112.123460', '30', '04:16:17'),
(8, '7.123456', '-112.123460', '30', '04:16:25'),
(9, '7.123456', '-112.123460', '20', '04:18:19'),
(10, '7.123456', '-112.123460', '30', '04:18:37'),
(11, '7.123456', '-112.123460', '30', '04:19:08'),
(12, '7.123456', '-112.123460', '30', '04:19:57'),
(13, '7.123456', '-112.123460', '20', '04:20:24'),
(14, '7.123456', '-112.123460', '20', '04:20:27'),
(15, '7.123456', '-112.123460', '30', '04:20:37'),
(16, '7.123456', '-112.123460', '20', '04:20:52'),
(17, '7.123456', '-112.123460', '20', '04:21:13'),
(18, '7.123456', '-112.123460', '30', '04:21:22'),
(19, '7.123456', '-112.123460', '30', '04:23:33'),
(20, '7.123456', '-112.123460', '20', '04:24:29'),
(21, '7.123456', '-112.123460', '30', '04:25:41'),
(22, '7.123456', '-112.123460', '20', '04:25:51'),
(23, '7.123456', '-112.123460', '20', '04:26:10'),
(24, '7.123456', '-112.123460', '30', '04:26:20'),
(25, '7.123456', '-112.123460', '30', '04:26:36'),
(26, '7.123456', '-112.123460', '20', '04:26:44'),
(27, '7.202020', '-112.202020', '20', '07:36:53'),
(28, '7.202020', '-112.202020', '20', '10:47:06'),
(29, '7.303030', '-112.303030', '30', '10:50:07'),
(30, '', '', '', '16:20:16');

-- --------------------------------------------------------

--
-- Table structure for table `tb_kapal`
--

CREATE TABLE `tb_kapal` (
  `id_kapal` varchar(45) NOT NULL,
  `tipe_kapal` varchar(45) NOT NULL,
  `panjang` varchar(45) NOT NULL,
  `lebar` varchar(45) NOT NULL,
  `foto` varchar(100) NOT NULL
) ENGINE=InnoDB DEFAULT CHARSET=latin1;

--
-- Dumping data for table `tb_kapal`
--

INSERT INTO `tb_kapal` (`id_kapal`, `tipe_kapal`, `panjang`, `lebar`, `foto`) VALUES
('20', 'Kapal Kargo', '400 m', '58.68 m', '/foto_kapal/20.jpg'),
('30', 'Kapal Ikan', '150 m', '45 m', '/foto_kapal/30.jpg');

-- --------------------------------------------------------

--
-- Table structure for table `tb_monitoring`
--

CREATE TABLE `tb_monitoring` (
  `no` int(45) NOT NULL,
  `id_kapal` varchar(45) NOT NULL,
  `latitude` varchar(45) NOT NULL,
  `longitude` varchar(45) NOT NULL,
  `status` varchar(45) NOT NULL,
  `time` time NOT NULL
) ENGINE=InnoDB DEFAULT CHARSET=latin1;

--
-- Dumping data for table `tb_monitoring`
--

INSERT INTO `tb_monitoring` (`no`, `id_kapal`, `latitude`, `longitude`, `status`, `time`) VALUES
(30, '20', '-7.268814', '112.808750', 'kandas', '03:10:10'),
(31, '20', '-7.268815', '112.808750', 'kandas', '03:10:26'),
(32, '20', '-7.268813', '112.808750', 'terbakar', '03:10:40'),
(33, '20', '-7.268819', '112.808750', 'terbakar', '03:11:00'),
(34, '20', '-7.268820', '112.808750', 'kebocoran', '03:11:14'),
(35, '20', '-7.268824', '112.808760', 'kebocoran', '03:11:24'),
(36, '20', '-7.259874', '112.806170', 'batal', '03:11:52'),
(37, '20', '-7.259874', '112.806170', 'batal', '03:12:00'),
(38, '20', '-7.259874', '112.806170', 'batal', '03:12:14'),
(39, '20', '-7.268876', '112.806170', 'tubrukan', '03:12:28'),
(40, '20', '-7.268876', '112.806170', 'tubrukan', '03:13:00'),
(41, '20', '-7.268877', '112.806170', 'kebocoran', '03:13:24'),
(42, '20', '-7.268877', '112.806170', 'kebocoran', '03:14:00'),
(43, '20', '-7.268877', '112.806170', 'terbakar', '03:14:24'),
(44, '20', '-7.284603', '112.806180', 'kebocoran', '03:15:00'),
(45, '20', '-7.284603', '112.806180', 'kandas', '03:15:07'),
(46, '20', '-7.284606', '112.806180', 'kandas', '03:15:11'),
(47, '20', '-7.284606', '112.806180', 'kebocoran', '03:15:39'),
(48, '20', '-7.284609', '112.795180', 'terbakar', '03:15:51'),
(49, '20', '-7.284609', '112.795180', 'terbakar', '03:16:00'),
(50, '20', '-7.284647', '112.795110', 'tubrukan', '03:16:08'),
(51, '20', '-7.284629', '112.795340', 'tubrukan', '03:16:58'),
(52, '20', '-7.284638', '112.795360', 'batal', '03:17:00'),
(53, '20', '-7.284701', '112.795490', 'kandas', '03:17:22'),
(54, '20', '-7.284793', '112.795630', 'kebocoran', '03:17:34'),
(55, '20', '-7.284793', '112.795630', 'kandas', '03:18:00'),
(56, '20', '-7.284895', '112.795900', 'terbakar', '03:18:29'),
(57, '20', '-7.284931', '112.795870', 'tubrukan', '03:19:00'),
(58, '20', '-7.284948', '112.795910', 'terbakar', '03:19:13'),
(59, '20', '-7.284971', '112.795810', 'kandas', '03:19:31'),
(60, '20', '-7.284980', '112.795820', 'kandas', '03:19:36'),
(61, '20', '-7.284840', '112.795830', 'tubrukan', '03:19:58'),
(62, '20', '-7.284935', '112.795920', 'kandas', '03:20:00'),
(63, '20', '-7.284941', '112.795870', 'terbakar', '03:20:03'),
(64, '20', '-7.284941', '112.795870', 'kandas', '03:20:19'),
(65, '20', '-7.284911', '112.795870', 'kebocoran', '03:20:40'),
(66, '20', '-7.284931', '112.795880', 'terbakar', '03:21:00'),
(67, '20', '-7.284996', '112.795890', 'kebocoran', '03:21:47'),
(68, '20', '-7.285043', '112.796330', 'terbakar', '03:22:00'),
(69, '20', '-7.285037', '112.796340', 'terbakar', '03:22:49'),
(70, '20', '-7.285037', '112.796340', 'batal', '03:23:00'),
(71, '20', '-7.284974', '112.795850', 'terbakar', '03:23:10'),
(72, '20', '-7.284973', '112.795850', 'tubrukan', '03:23:28'),
(73, '20', '-7.284974', '112.795850', 'tubrukan', '03:24:00'),
(74, '20', '-7.284974', '112.795850', 'kandas', '03:24:29'),
(75, '20', '-7.284971', '112.795850', 'batal', '03:24:56'),
(76, '20', '-7.284977', '112.795850', 'kandas', '03:25:00'),
(77, '20', '-7.284977', '112.795850', 'kebocoran', '03:25:17'),
(78, '20', '-7.284968', '112.795880', 'batal', '03:25:22'),
(79, '20', '-7.284968', '112.795880', 'kebocoran', '03:25:42'),
(80, '20', '-7.284969', '112.795880', 'batal', '03:25:46'),
(81, '20', '-7.284969', '112.795880', 'terbakar', '03:26:00'),
(82, '20', '-7.284991', '112.795870', 'batal', '03:26:38'),
(83, '20', '-7.284991', '112.795870', 'terbakar', '03:26:50'),
(84, '20', '-7.284983', '112.795910', 'batal', '03:27:00'),
(85, '20', '-7.284956', '112.795860', 'batal', '03:27:11'),
(86, '20', '-7.284956', '112.795860', 'kebocoran', '03:27:16'),
(87, '20', '-7.284914', '112.795900', 'kandas', '03:27:19'),
(88, '20', '-7.284865', '112.795840', 'kebocoran', '03:28:00'),
(89, '20', '-7.284896', '112.795830', 'kandas', '03:28:15'),
(90, '20', '-7.284896', '-7.2848960', 'kandas', '03:28:16'),
(91, '20', '-7.284896', '-7.2848960', 'tubrukan', '03:28:32'),
(92, '20', '-7.284987', '112.795870', 'tubrukan', '03:29:00'),
(93, '20', '-7.284981', '112.795870', 'kandas', '03:29:41'),
(94, '20', '-7.284979', '112.795870', 'kandas', '03:29:52'),
(95, '20', '-7.284998', '112.795870', 'kebocoran', '03:30:00'),
(96, '20', '-7.285010', '112.795860', 'terbakar', '03:30:09'),
(97, '20', '-7.285010', '112.795860', 'kandas', '03:30:50'),
(98, '20', '-7.285010', '112.795860', 'batal', '03:30:59'),
(99, '20', '-7.285028', '112.795820', 'batal', '03:31:00'),
(100, '20', '-7.285028', '112.795820', 'tubrukan', '03:31:42'),
(101, '30', '-7.285027', '112.795810', 'tubrukan', '03:32:00'),
(102, '20', '-7.285009', '112.795840', 'batal', '03:32:12'),
(103, '20', '-7.285007', '112.795850', 'kandas', '03:32:53'),
(104, '20', '-7.285004', '112.795850', 'kebocoran', '03:33:00'),
(105, '20', '-7.284994', '112.795850', 'tubrukan', '03:33:30'),
(106, '20', '-7.284990', '112.795860', 'batal', '03:34:00'),
(107, '20', '-7.284990', '112.795860', 'terbakar', '03:34:28'),
(108, '20', '-7.284989', '112.795870', 'terbakar', '03:35:00'),
(109, '20', '-7.284974', '112.795880', 'batal', '03:35:13'),
(110, '20', '-7.284989', '112.795870', 'kandas', '03:35:39'),
(111, '20', '-7.284993', '112.795860', 'kandas', '03:36:00'),
(112, '20', '-7.284998', '112.795850', 'terbakar', '03:36:51'),
(113, '20', '-7.284996', '112.795850', 'terbakar', '03:36:52'),
(114, '20', '-7.285021', '112.795830', 'kebocoran', '03:37:00'),
(115, '20', '-7.285023', '112.795810', 'kebocoran', '03:37:32'),
(116, '20', '-7.285022', '112.795810', 'batal', '03:37:44'),
(117, '20', '-7.285015', '112.795810', 'tubrukan', '03:38:00'),
(118, '20', '-7.285011', '112.795840', 'batal', '03:38:09'),
(119, '20', '-7.285016', '112.795830', 'kandas', '03:38:13'),
(120, '20', '-7.285011', '112.795840', 'kebocoran', '03:38:53'),
(121, '20', '-7.285011', '112.795840', 'kebocoran', '03:39:00'),
(122, '20', '-7.285003', '112.795850', 'tubrukan', '03:39:38'),
(123, '20', '-7.285003', '112.795850', 'tubrukan', '03:40:00'),
(124, '20', '-7.285003', '112.795850', 'batal', '03:40:58'),
(125, '20', '-7.285003', '112.795850', 'batal', '03:41:00'),
(126, '20', '-7.284986', '112.795880', 'kandas', '03:41:49'),
(127, '20', '-7.284986', '112.795880', 'kandas', '03:42:00'),
(128, '20', '-7.284984', '112.795860', 'terbakar', '03:42:08'),
(129, '20', '-7.284984', '112.795860', 'terbakar', '03:42:49'),
(130, '20', '-7.284975', '112.795860', 'batal', '03:43:00'),
(131, '20', '-7.284968', '112.795860', 'batal', '03:43:28'),
(132, '20', '-7.284941', '112.795870', 'batal', '03:44:00'),
(133, '20', '-7.284936', '112.795870', 'batal', '03:44:04'),
(134, '20', '-7.284938', '112.795880', 'batal', '03:44:15'),
(135, '20', '-7.284945', '112.795870', 'batal', '03:44:43'),
(136, '20', '-7.284945', '112.795870', 'tubrukan', '03:45:00'),
(137, '20', '-7.284995', '112.795890', 'batal', '03:45:11'),
(138, '20', '-7.284992', '112.795910', 'batal', '03:45:52'),
(139, '20', '-7.285008', '112.795920', 'batal', '03:46:00'),
(140, '20', '-7.285008', '112.795920', 'tubrukan', '03:46:13'),
(141, '20', '-7.284953', '112.795890', 'batal', '03:47:00'),
(142, '20', '-7.284920', '112.795880', 'batal', '03:47:29'),
(143, '20', '-7.284902', '112.795890', 'tubrukan', '03:47:53'),
(144, '20', '-7.284882', '112.795890', 'batal', '03:48:00'),
(145, '20', '-7.284920', '112.795890', 'batal', '03:48:03'),
(146, '20', '-7.284930', '112.795890', 'batal', '03:48:23'),
(147, '20', '-7.284958', '112.795890', 'batal', '03:49:00'),
(148, '20', '-7.284983', '112.795890', 'terbakar', '03:49:09'),
(149, '20', '-7.284985', '112.795890', 'terbakar', '03:49:49'),
(150, '20', '-7.284994', '112.795880', 'kandas', '03:50:00'),
(151, '20', '-7.284998', '112.795880', 'kandas', '03:50:53'),
(152, '20', '-7.285000', '112.795880', 'kebocoran', '03:51:00'),
(153, '20', '-7.285008', '112.795880', 'kebocoran', '03:51:29'),
(154, '20', '-7.285009', '112.795880', 'batal', '03:52:00'),
(155, '20', '-7.285022', '112.795880', 'tubrukan', '03:52:39'),
(156, '20', '-7.285009', '112.795870', 'tubrukan', '03:53:00'),
(157, '20', '-7.284997', '112.795870', 'tubrukan', '03:53:07'),
(158, '20', '-7.285002', '112.795870', 'tubrukan', '03:54:00'),
(159, '20', '-7.284997', '112.795870', 'tubrukan', '03:54:28'),
(160, '20', '-7.284993', '112.795880', 'tubrukan', '03:54:43'),
(161, '20', '-7.284993', '112.795880', 'tubrukan', '03:54:49'),
(162, '20', '-7.285004', '112.795870', 'tubrukan', '03:55:00'),
(163, '20', '-7.285004', '112.795870', 'tubrukan', '03:55:35'),
(164, '20', '-7.285066', '112.795850', 'tubrukan', '03:56:00'),
(165, '20', '-7.285069', '112.795830', 'tubrukan', '03:56:56'),
(166, '20', '-7.285071', '112.795820', 'tubrukan', '03:57:00'),
(167, '20', '-7.285073', '112.795820', 'batal', '03:57:08'),
(168, '20', '-7.285029', '112.795860', 'tubrukan', '03:57:09'),
(169, '20', '-7.284818', '112.795910', 'batal', '03:58:00'),
(170, '20', '-7.284818', '112.795910', 'batal', '03:58:53'),
(171, '20', '-7.284729', '112.796010', 'batal', '03:59:00'),
(172, '20', '-7.284729', '112.796010', 'batal', '03:59:52'),
(173, '20', '-7.284915', '112.795880', 'kebocoran', '04:00:00'),
(174, '20', '-7.284915', '112.795880', 'tubrukan', '04:00:48'),
(175, '20', '-7.284915', '112.795880', 'tubrukan', '04:01:00'),
(176, '20', '-7.284915', '112.795880', 'tubrukan', '04:01:15'),
(177, '20', '-7.284915', '112.795880', 'tubrukan', '04:02:00'),
(178, '20', '-7.284915', '112.795880', 'kandas', '04:02:43'),
(179, '20', '-7.284915', '112.795880', 'tubrukan', '04:03:00'),
(180, '20', '-7.284915', '112.795880', 'tubrukan', '04:03:52'),
(181, '20', '-7.284915', '112.795880', 'tubrukan', '04:04:00'),
(182, '20', '-7.284915', '112.795880', 'tubrukan', '04:04:46'),
(183, '20', '-7.284915', '112.795880', 'tubrukan', '04:04:49'),
(184, '20', '-7.284915', '112.795880', 'tubrukan', '04:05:00'),
(185, '20', '-7.284985', '112.795860', 'kebocoran', '04:05:57'),
(186, '20', '-7.285012', '112.795850', 'kebocoran', '04:05:59'),
(187, '20', '-7.285021', '112.795850', 'kebocoran', '04:06:00'),
(188, '20', '-7.285021', '112.795850', 'kebocoran', '04:06:18'),
(189, '20', '-7.284992', '112.795830', 'batal', '04:06:46'),
(190, '20', '-7.284991', '112.795830', 'kandas', '04:07:00'),
(191, '20', '-7.284991', '112.795830', 'batal', '04:07:17'),
(192, '20', '-7.284979', '112.795850', 'batal', '04:08:00'),
(193, '20', '-7.284977', '112.795860', 'batal', '04:08:05'),
(194, '20', '-7.284976', '112.795860', 'kandas', '04:08:53'),
(195, '20', '-7.284976', '112.795860', 'kandas', '04:09:00'),
(196, '20', '-7.284976', '112.795860', 'tubrukan', '04:09:24'),
(197, '20', '-7.284978', '112.795850', 'tubrukan', '04:10:00'),
(198, '20', '-7.284981', '112.795850', 'terbakar', '04:10:45'),
(199, '20', '-7.284958', '112.795850', 'terbakar', '04:11:00'),
(200, '20', '-7.284983', '112.795850', 'kebocoran', '04:11:09'),
(201, '20', '-7.284987', '112.795850', 'kebocoran', '04:11:12'),
(202, '20', '-7.284980', '112.795850', 'kebocoran', '04:11:23'),
(203, '20', '-7.284974', '112.795850', 'kebocoran', '04:11:59'),
(204, '20', '-7.284972', '112.795880', 'terbakar', '04:12:00'),
(205, '20', '-7.284961', '112.795880', 'terbakar', '04:12:07'),
(206, '30', '-7.284961', '112.795880', 'tubrukan', '04:12:18'),
(207, '30', '-7.284959', '112.795880', 'tubrukan', '04:12:20'),
(208, '30', '-7.284988', '112.795870', 'kandas', '04:12:57'),
(209, '30', '-7.284997', '112.795870', 'kandas', '04:13:00'),
(210, '30', '-7.285009', '112.795870', 'batal', '04:13:18'),
(211, '30', '-7.285005', '112.795880', 'batal', '04:13:38'),
(212, '30', '-7.285018', '112.795860', 'terbakar', '04:13:39'),
(213, '30', '-7.285018', '112.795860', 'terbakar', '04:14:00'),
(214, '30', '-7.285039', '112.795880', 'kebocoran', '04:14:35'),
(215, '30', '-7.285039', '112.795880', 'kebocoran', '04:15:00'),
(216, '30', '-7.285062', '112.795880', 'terbakar', '04:15:26'),
(217, '20', '-7.285078', '112.795850', 'tubrukan', '04:15:58'),
(218, '20', '-7.285061', '112.795840', 'batal', '04:15:59'),
(219, '20', '-7.285020', '112.795840', 'batal', '04:16:00'),
(220, '20', '-7.285020', '112.795840', 'kebocoran', '04:16:04'),
(221, '30', '-7.285009', '112.795840', 'kebocoran', '04:16:08'),
(222, '20', '-7.285031', '112.795840', 'terbakar', '04:16:46'),
(223, '20', '-7.285050', '112.795850', 'tubrukan', '04:17:00'),
(224, '30', '-7.285057', '112.795850', 'batal', '04:17:44'),
(225, '20', '-7.285041', '112.795860', 'kebocoran', '04:18:00'),
(226, '30', '-7.285017', '112.795880', 'terbakar', '04:18:34'),
(350, '20', '-7.286040', '112.795030', 'tubrukan', '05:05:37'),
(351, '30', '-7.286047', '112.795150', 'tubrukan', '05:05:41'),
(352, '30', '-7.286047', '112.795150', 'tubrukan', '05:06:00'),
(353, '20', '-7.286047', '112.795150', 'batal', '05:06:49'),
(354, '20', '-7.286047', '112.795150', 'batal', '05:07:00'),
(355, '30', '-7.286047', '112.795150', 'batal', '05:07:22'),
(356, '20', '-7.286047', '112.795150', 'batal', '05:07:53'),
(358, '20', '-7.286047', '112.795150', 'batal', '05:08:52'),
(359, '30', '-7.286047', '112.795150', 'batal', '05:09:13'),
(360, '20', '-7.286047', '112.795150', 'batal', '05:09:45'),
(362, '20', '-7.286047', '112.795150', 'batal', '05:10:56'),
(363, '30', '-7.286047', '112.795150', 'batal', '05:11:00'),
(364, '20', '-7.286047', '112.795150', 'batal', '05:11:01'),
(366, '20', '-7.286047', '112.795150', 'batal', '05:11:31'),
(367, '30', '-7.286047', '112.795150', 'batal', '05:12:00'),
(368, '20', '-7.286047', '112.795150', 'batal', '05:12:40'),
(369, '30', '-7.286047', '112.795150', 'batal', '05:13:00'),
(371, '30', '-7.286047', '112.795150', 'batal', '05:13:57'),
(372, '20', '-7.286047', '112.795150', 'batal', '05:14:00'),
(373, '20', '-7.286047', '112.795150', 'batal', '05:14:25'),
(424, '30', '-7.285673', '112.797340', 'batal', '05:33:24'),
(425, '30', '-7.285673', '112.797340', 'batal', '05:33:52'),
(426, '20', '-7.285673', '112.797340', 'batal', '05:34:00'),
(427, '20', '-7.285673', '112.797340', 'batal', '05:34:54'),
(428, '20', '-7.285673', '112.797340', 'batal', '05:35:00'),
(429, '20', '-7.285673', '112.797340', 'kebocoran', '05:35:59'),
(430, '20', '-7.285673', '112.797340', 'batal', '05:36:00'),
(431, '20', '-7.285673', '112.797340', 'batal', '05:36:01'),
(432, '20', '-7.285673', '112.797340', 'kebocoran', '05:36:32'),
(433, '20', '-7.285673', '112.797340', 'kandas', '05:36:48'),
(434, '20', '-7.285673', '112.797340', 'tubrukan', '05:37:00'),
(435, '20', '-7.285673', '112.797340', 'terbakar', '05:37:43'),
(436, '20', '-7.285673', '112.797340', 'batal', '05:38:00'),
(437, '20', '-7.285673', '112.797340', 'tubrukan', '05:38:52'),
(438, '20', '-7.285673', '112.797340', 'kebocoran', '05:39:00'),
(439, '20', '-7.285673', '112.797340', 'terbakar', '05:39:40'),
(440, '20', '-7.285673', '112.797340', 'kandas', '05:39:52'),
(441, '20', '-7.285673', '112.797340', 'batal', '05:40:00'),
(442, '20', '-7.285673', '112.797340', 'batal', '05:40:52'),
(444, '20', '-7.268994', '112.808764', 'tubrukan', '04:12:14'),
(445, '20', '-7.268994', '112.808764', 'tubrukan', '04:12:24'),
(446, '20', '-7.268994', '112.808764', 'kebocoran', '04:12:39'),
(447, '20', '-7.268994', '112.808764', 'kebocorann', '04:12:48'),
(448, '20', '-7.268994', '112.808764', 'terbakar', '04:13:00'),
(449, '20', '-7.268994', '112.808764', 'terbakar', '04:13:09'),
(450, '20', '-7.268994', '112.808764', 'kandas', '04:13:19'),
(451, '20', '-7.268994', '112.808764', 'kandas', '04:13:32'),
(452, '20', '-7.268994', '112.808764', 'batal', '04:13:43'),
(453, '20', '-7.268994', '112.808764', 'batal', '04:13:51');

-- --------------------------------------------------------

--
-- Table structure for table `tb_monitoring_kapal`
--

CREATE TABLE `tb_monitoring_kapal` (
  `id` int(11) NOT NULL,
  `date` date NOT NULL DEFAULT current_timestamp(),
  `flag` int(11) NOT NULL,
  `id_kapal` varchar(3) COLLATE utf8mb4_unicode_ci NOT NULL,
  `latitude` varchar(15) COLLATE utf8mb4_unicode_ci DEFAULT NULL,
  `longitude` varchar(15) COLLATE utf8mb4_unicode_ci DEFAULT NULL,
  `status` varchar(3) COLLATE utf8mb4_unicode_ci NOT NULL,
  `time` varchar(20) COLLATE utf8mb4_unicode_ci NOT NULL,
  `id_gw` varchar(3) COLLATE utf8mb4_unicode_ci NOT NULL,
  `time_gw` varchar(20) COLLATE utf8mb4_unicode_ci NOT NULL,
  `time_db` time NOT NULL DEFAULT current_timestamp()
) ENGINE=InnoDB DEFAULT CHARSET=utf8mb4 COLLATE=utf8mb4_unicode_ci;

--
-- Dumping data for table `tb_monitoring_kapal`
--

INSERT INTO `tb_monitoring_kapal` (`id`, `date`, `flag`, `id_kapal`, `latitude`, `longitude`, `status`, `time`, `id_gw`, `time_gw`, `time_db`) VALUES
(77, '2019-12-27', 0, '20', '0.000000', '0.000000', '1', '00:00:01', '50', '07:53:19', '07:53:19'),
(78, '2019-12-27', 1, '30', '0.000000', '0.000000', '4', '08:18:23', '50', '08:18:21', '08:18:20'),
(79, '2019-12-27', 1, '20', '-7.286283', '112.793490', '1', '08:26:55', '50', '08:26:53', '08:26:52'),
(80, '2019-12-27', 1, '20', '-7.286283', '112.793490', '1', '08:26:55', '40', '08:26:55', '08:26:54'),
(81, '2019-12-27', 1, '20', '-7.286283', '112.793490', '1', '08:26:55', '40', '08:26:56', '08:26:55'),
(82, '2019-12-27', 1, '20', '-7.286292', '112.793480', '1', '08:27:10', '40', '08:27:08', '08:27:07'),
(83, '2019-12-27', 1, '30', '-7.286280', '112.793490', '2', '08:27:10', '40', '08:27:10', '08:27:09'),
(84, '2019-12-27', 1, '20', '-7.286301', '112.793460', '2', '08:28:00', '40', '08:28:02', '08:28:01'),
(85, '2019-12-27', 1, '20', '0.000000', '0.000000', '3', '00:00:00', '50', '08:28:05', '08:28:04'),
(86, '2019-12-27', 1, '20', '-7.286250', '112.793740', '1', '08:31:34', '50', '08:31:32', '08:31:31'),
(87, '2019-12-27', 1, '30', '-7.286267', '112.793710', '2', '08:31:38', '50', '08:31:36', '08:31:36'),
(88, '2019-12-27', 1, '30', '-7.286267', '112.793710', '2', '08:31:38', '50', '08:31:38', '08:31:37'),
(89, '2019-12-27', 1, '20', '-7.286248', '112.793740', '4', '08:31:38', '40', '08:31:38', '08:31:37'),
(90, '2019-12-27', 1, '30', '-7.286267', '112.793710', '2', '08:31:38', '50', '08:31:39', '08:31:38'),
(91, '2019-12-27', 1, '20', '-7.286248', '112.793740', '4', '08:31:38', '40', '08:31:39', '08:31:38'),
(92, '2019-12-27', 1, '30', '-7.286260', '112.793710', '2', '08:31:45', '40', '08:31:45', '08:31:44'),
(93, '2019-12-27', 1, '20', '-7.286254', '112.793720', '3', '08:31:51', '40', '08:31:50', '08:31:49'),
(94, '2019-12-27', 0, '30', '-7.286263', '112.793720', '4', '08:31:55', '50', '08:31:53', '08:31:52'),
(95, '2019-12-27', 1, '20', '0.000000', '0.000000', '2', '00:00:00', '40', '08:32:50', '08:32:49'),
(96, '2019-12-27', 1, '20', '-7.286229', '112.793980', '2', '08:33:00', '40', '08:32:59', '08:32:58'),
(97, '2019-12-27', 1, '30', '-7.286221', '112.793950', '3', '08:33:00', '40', '08:33:03', '08:33:02'),
(98, '2019-12-27', 1, '20', '-7.286224', '112.793980', '4', '08:33:00', '50', '08:33:08', '08:33:07'),
(99, '2019-12-27', 1, '20', '-7.286190', '112.794140', '1', '08:33:37', '50', '08:33:37', '08:33:36'),
(100, '2019-12-27', 1, '20', '-7.286190', '112.794140', '1', '08:33:37', '40', '08:33:38', '08:33:37'),
(101, '2019-12-27', 1, '30', '-7.286194', '112.794130', '2', '08:33:42', '40', '08:33:41', '08:33:40'),
(102, '2019-12-27', 1, '20', '-7.286199', '112.794140', '2', '08:33:48', '40', '08:33:47', '08:33:45'),
(103, '2019-12-27', 1, '20', '-7.286199', '112.794140', '2', '08:33:48', '50', '08:33:47', '08:33:45'),
(104, '2019-12-27', 1, '20', '-7.286199', '-794028', '2', '08:33:48', '50', '08:33:49', '08:33:48'),
(105, '2019-12-27', 1, '30', '-7.286150', '112.794320', '1', '08:34:16', '40', '08:34:16', '08:34:14'),
(106, '2019-12-27', 1, '30', '-7.286150', '112.794320', '1', '08:34:16', '40', '08:34:18', '08:34:17'),
(107, '2019-12-27', 1, '30', '-7.286150', '112.794320', '1', '08:34:16', '50', '08:34:18', '08:34:17'),
(108, '2019-12-27', 1, '30', '-7.286149', '112.794320', '2', '08:34:22', '50', '08:34:20', '08:34:19'),
(109, '2019-12-27', 1, '30', '-7.286149', '112.794320', '2', '08:34:22', '50', '08:34:23', '08:34:22'),
(110, '2019-12-27', 1, '30', '-7.286149', '112.794320', '3', '08:34:22', '50', '08:34:28', '08:34:27'),
(111, '2019-12-27', 1, '30', '-7.286149', '112.794320', '3', '08:03:00', '50', '08:34:30', '08:34:29'),
(112, '2019-12-27', 1, '30', '-7.286147', '112.794300', '2', '08:34:33', '50', '08:34:31', '08:34:30'),
(113, '2019-12-27', 1, '20', '-7.286158', '112.794320', '4', '08:34:41', '40', '08:34:41', '08:34:40'),
(114, '2019-12-27', 1, '20', '-7.286154', '112.794300', '3', '08:34:52', '50', '08:34:52', '08:34:51'),
(115, '2019-12-27', 1, '30', '-7.286135', '112.794450', '2', '08:35:16', '50', '08:35:15', '08:35:14'),
(116, '2019-12-27', 1, '30', '-7.286135', '112.794450', '2', '08:35:16', '50', '08:35:16', '08:35:15'),
(117, '2019-12-27', 1, '20', '-7.286130', '112.794460', '3', '08:35:17', '50', '08:35:18', '08:35:17'),
(118, '2019-12-27', 1, '20', '-7.286130', '112.794460', '3', '08:35:17', '40', '08:35:19', '08:35:18'),
(119, '2019-12-27', 1, '20', '-7.286130', '112.794460', '4', '08:35:17', '40', '08:35:22', '08:35:21'),
(120, '2019-12-27', 0, '20', '-7.286130', '112.794460', '4', '08:35:17', '40', '08:35:23', '08:35:23'),
(121, '2019-12-27', 1, '30', '-7.286135', '112.794450', '3', '08:35:16', '40', '08:35:34', '08:35:32'),
(122, '2019-12-27', 1, '30', '-7.286135', '112.794450', '4', '08:35:16', '50', '08:35:35', '08:35:34'),
(123, '2019-12-27', 1, '30', '-7.286135', '112.794450', '3', '08:35:16', '40', '08:35:39', '08:35:38'),
(124, '2019-12-27', 1, '30', '-7.286135', '112.794450', '2', '08:35:16', '40', '08:35:42', '08:35:40'),
(125, '2019-12-27', 1, '30', '-7.286138', '112.794490', '1', '08:35:52', '40', '08:35:52', '08:35:51'),
(126, '2019-12-27', 1, '30', '-7.286106', '112.794540', '3', '08:37:49', '40', '08:37:53', '08:37:52'),
(127, '2019-12-27', 1, '30', '-7.286106', '112.794540', '4', '08:37:49', '40', '08:37:54', '08:37:53'),
(128, '2019-12-27', 1, '30', '-7.286109', '112.794590', '1', '08:38:00', '40', '08:38:08', '08:38:07'),
(129, '2019-12-27', 1, '30', '-7.286109', '112.794590', '1', '08:38:00', '40', '08:38:10', '08:38:09'),
(130, '2019-12-27', 1, '30', '-7.286108', '112.794590', '1', '08:38:12', '40', '08:38:14', '08:38:13'),
(131, '2019-12-27', 1, '30', '-7.286069', '112.794920', '4', '08:39:40', '40', '08:39:44', '08:39:43'),
(132, '2019-12-27', 1, '30', '-7.285933', '112.795650', '4', '08:40:28', '40', '08:40:33', '08:40:32'),
(133, '2019-12-27', 1, '30', '-7.285933', '112.795650', '3', '08:40:28', '40', '08:40:35', '08:40:34'),
(134, '2019-12-27', 1, '30', '-7.285918', '112.796030', '4', '08:41:10', '50', '08:41:14', '08:41:13'),
(135, '2019-12-27', 1, '30', '-7.285918', '112.796030', '3', '08:41:10', '50', '08:41:15', '08:41:14'),
(136, '2019-12-27', 1, '30', '-7.285918', '112.796030', '3', '08:41:10', '50', '08:41:18', '08:41:17'),
(137, '2019-12-27', 1, '30', '-7.285918', '112.796030', '3', '08:41:10', '40', '08:41:19', '08:41:18'),
(138, '2019-12-27', 1, '30', '-7.285918', '112.796030', '2', '08:41:10', '50', '08:41:20', '08:41:19'),
(139, '2019-12-27', 1, '30', '-7.285918', '112.796030', '2', '08:41:10', '40', '08:41:21', '08:41:19'),
(140, '2019-12-27', 1, '30', '-7.285918', '112', '2', '08:41:10', '40', '08:41:22', '08:41:21'),
(141, '2019-12-27', 1, '30', '-7.285918', '112.796030', '2', '08:41:10', '40', '08:41:24', '08:41:23'),
(142, '2019-12-27', 1, '30', '-7.285875', '112.796220', '3', '08:41:51', '50', '08:41:54', '08:41:52'),
(143, '2019-12-27', 1, '30', '-7.285877', '112.796220', '1', '08:41:54', '50', '08:41:56', '08:41:55'),
(144, '2019-12-27', 1, '30', '-7.285877', '112.796220', '1', '08:41:54', '50', '08:41:58', '08:41:57'),
(145, '2019-12-27', 1, '30', '-7.285877', '112.796220', '1', '08:41:54', '50', '08:41:59', '08:41:58'),
(146, '2019-12-27', 1, '30', '-7.285880', '112.796230', '4', '08:42:00', '50', '08:42:05', '08:42:04'),
(147, '2019-12-27', 1, '30', '-7.285875', '112.796230', '4', '08:42:18', '50', '08:42:21', '08:42:20'),
(148, '2019-12-27', 1, '30', '-7.285876', '112.796230', '4', '08:42:23', '50', '08:42:25', '08:42:23'),
(149, '2019-12-27', 1, '30', '-7.285876', '112.796230', '4', '08:42:23', '50', '08:42:27', '08:42:26'),
(150, '2019-12-27', 1, '30', '-7.285681', '112.797280', '2', '08:45:25', '50', '08:45:27', '08:45:25'),
(151, '2019-12-27', 1, '30', '-7.285682', '112.797280', '2', '08:45:31', '50', '08:45:33', '08:45:32'),
(152, '2019-12-27', 1, '30', '-7.285682', '112.797280', '2', '08:45:31', '50', '08:45:36', '08:45:35'),
(153, '2019-12-27', 1, '30', '-7.285427', '112.798870', '3', '08:47:25', '50', '08:47:26', '08:47:25'),
(154, '2019-12-27', 1, '30', '-7.285427', '112.798870', '3', '08:47:25', '50', '08:47:28', '08:47:27'),
(155, '2019-12-27', 0, '30', '-7.285427', '112.798870', '3', '08:47:25', '50', '08:47:29', '08:47:28'),
(156, '2019-12-27', 1, '30', '-7.285385', '112.799130', '3', '08:47:45', '50', '08:47:46', '08:47:45'),
(157, '2019-12-27', 1, '30', '-7.285385', '112.799130', '3', '08:47:45', '50', '08:47:48', '08:47:46'),
(158, '2019-12-27', 1, '30', '-7.285385', '112.799130', '3', '08:47:45', '50', '08:47:49', '08:47:48'),
(159, '2019-12-27', 0, '30', '-7.285385', '112.799130', '3', '08:47:45', '50', '08:47:50', '08:47:49'),
(160, '2019-12-27', 0, '30', '-7.285381', '112.799160', '4', '08:48:20', '50', '08:48:26', '08:48:25'),
(161, '2019-12-27', 1, '30', '-7.285380', '112.799190', '3', '08:49:58', '40', '08:52:36', '08:52:34'),
(162, '2019-12-27', 1, '30', '-7.285380', '112.799190', '3', '08:49:58', '40', '08:52:38', '08:52:37'),
(163, '2019-12-27', 1, '30', '-7.285380', '112.799190', '3', '08:49:58', '40', '08:52:48', '08:52:46'),
(164, '2019-12-27', 1, '30', '-7.286331', '112.793500', '3', '08:52:49', '40', '08:52:51', '08:52:50'),
(165, '2019-12-27', 1, '30', '-7.286331', '112.793500', '3', '08:52:49', '40', '08:52:54', '08:52:52'),
(166, '2019-12-27', 1, '30', '-7.286331', '112.793500', '3', '08:52:49', '40', '08:52:56', '08:52:55'),
(167, '2019-12-27', 1, '30', '-7.286331', '112.793500', '3', '08:52:49', '40', '08:52:58', '08:52:56'),
(168, '2019-12-27', 0, '30', '-7.286331', '112.793500', '3', '08:52:49', '40', '08:52:59', '08:52:58'),
(169, '2019-12-28', 1, '20', '0.000000', '0.000000', '4', '22:33:36', '40', '04:33:38', '04:33:37'),
(170, '2019-12-28', 1, '20', '0.000000', '0.000000', '4', '22:33:37', '40', '04:33:40', '04:33:38'),
(171, '2019-12-28', 1, '20', '0.000000', '0.000000', '1', '22:33:38', '40', '04:34:32', '04:34:30'),
(172, '2019-12-28', 1, '20', '0.000000', '0.000000', '1', '22:33:39', '40', '04:34:33', '04:34:32'),
(173, '2019-12-29', 1, '20', '0.000000', '0.000000', '2', '03:36:47', '40', '04:36:49', '04:36:48'),
(174, '2019-12-29', 1, '20', '0.000000', '0.000000', '1', '04:37:30', '40', '04:37:32', '04:37:30'),
(175, '2019-12-29', 1, '20', '0.000000', '0.000000', '1', '04:37:31', '40', '04:37:33', '04:37:32'),
(176, '2019-12-29', 1, '20', '0.000000', '0.000000', '3', '00:00:00', '40', '04:41:36', '04:41:34'),
(177, '2019-12-29', 1, '20', '-7.284726', '112.795610', '2', '04:41:59', '40', '04:42:06', '04:42:04'),
(178, '2019-12-29', 1, '20', '-7.284917', '112.795850', '1', '04:42:16', '40', '04:42:19', '04:42:18'),
(179, '2019-12-29', 1, '20', '-7.284917', '112.795850', '1', '04:42:16', '40', '04:42:22', '04:42:21'),
(180, '2019-12-29', 1, '20', '-7.284986', '112.795900', '4', '04:42:28', '40', '04:42:31', '04:42:30'),
(181, '2019-12-29', 1, '20', '-7.285031', '112.795970', '4', '04:42:43', '40', '04:42:45', '04:42:43'),
(182, '2019-12-29', 1, '20', '-7.310928', '112.780420', '2', '05:55:35', '40', '05:55:37', '05:55:36'),
(183, '2019-12-29', 1, '20', '-7.310928', '112.780420', '3', '05:55:35', '40', '05:55:39', '05:55:37'),
(184, '2019-12-29', 1, '20', '-7.310928', '112.780420', '3', '05:55:35', '40', '05:55:41', '05:55:40'),
(185, '2019-12-29', 1, '20', '0.000000', '0.000000', '1', '00:00:00', '40', '05:55:46', '05:55:45'),
(186, '2019-12-29', 1, '20', '0.000000', '0.000000', '1', '00:00:00', '40', '05:55:48', '05:55:47'),
(187, '2019-12-29', 1, '20', '0.000000', '0.000000', '1', '00:00:00', '40', '05:56:08', '05:56:07'),
(188, '2019-12-29', 1, '20', '-7.310918', '112.780410', '2', '05:56:42', '40', '05:56:44', '05:56:42'),
(189, '2019-12-29', 1, '20', '0.000000', '5.000000', '3', '00:00:00', '40', '05:56:53', '05:56:52'),
(190, '2019-12-29', 1, '20', '0.000000', '0.000000', '3', '00:00:00', '40', '05:56:55', '05:56:54'),
(191, '2019-12-29', 1, '20', '0.000000', '0.000000', '3', '00:00:00', '40', '05:57:02', '05:57:00'),
(192, '2019-12-29', 1, '20', '0.000000', '0.000000', '3', '00:00:00', '40', '05:57:08', '05:57:07'),
(193, '2019-12-29', 1, '20', '-7.310939', '112.780420', '4', '05:57:57', '40', '05:57:58', '05:57:57'),
(194, '2019-12-29', 1, '20', '0.000000', '0.000000', '4', '00:00:00', '40', '05:58:10', '05:58:09'),
(195, '2019-12-29', 1, '20', '0.000000', '0.000000', '4', '00:00:00', '40', '05:58:12', '05:58:11'),
(196, '2019-12-29', 1, '20', '0.000000', '0.000000', '4', '00:00:00', '40', '05:58:20', '05:58:19'),
(197, '2019-12-29', 1, '20', '0.000000', '0.000000', '4', '00:00:00', '40', '05:58:26', '05:58:25'),
(198, '2019-12-29', 1, '20', '0.000000', '0.000000', '4', '00:00:00', '40', '05:58:39', '05:58:38'),
(199, '2019-12-29', 1, '20', '0.000000', '0.000000', '4', '00:00:00', '40', '05:58:42', '05:58:41'),
(200, '2019-12-29', 1, '20', '-7.310942', '112.780420', '3', '05:59:49', '40', '05:59:55', '05:59:54'),
(201, '2019-12-29', 1, '20', '0.000000', '0.000000', '3', '00:00:00', '40', '06:00:01', '06:00:00'),
(202, '2019-12-29', 0, '20', '0.000000', '0.000000', '3', '00:00:00', '40', '06:00:03', '06:00:02'),
(203, '2019-12-29', 1, '20', '-7.208203', '112.778019', '1', '07:30:55', '40', '07:30:59', '07:30:58'),
(204, '2019-12-29', 1, '20', '-7.208203', '112.778019', '2', '07:31:09', '40', '07:31:14', '07:31:13'),
(205, '2019-12-29', 1, '20', '-7.208194', '112.778070', '2', '07:31:21', '40', '07:31:25', '07:31:24'),
(206, '2019-12-29', 0, '20', '-7.208150', '112.778019', '3', '07:31:31', '40', '07:31:36', '07:31:35'),
(207, '2019-12-29', 1, '20', '-7.208150', '112.778019', '1', '07:31:42', '40', '07:31:46', '07:31:45'),
(208, '2019-12-29', 1, '20', '-7.208150', '112.778019', '2', '07:31:52', '40', '07:31:57', '07:31:56'),
(209, '2019-12-29', 1, '20', '-7.208100', '112.777998', '3', '07:32:03', '40', '07:32:07', '07:32:06'),
(210, '2019-12-29', 1, '20', '-7.208100', '112.777998', '4', '07:32:12', '40', '07:32:15', '07:32:14'),
(211, '2019-12-29', 1, '20', '-7.208150', '112.778019', '1', '07:32:22', '40', '07:32:25', '07:32:24'),
(212, '2019-12-29', 1, '20', '-7.208194', '112.778070', '2', '07:32:30', '40', '07:32:33', '07:32:32'),
(213, '2019-12-29', 1, '20', '-7.208194', '112.778070\r\n', '3', '07:32:40', '40', '07:32:45', '07:32:44'),
(214, '2019-12-29', 1, '20', '-7.208203', '112.778019', '4', '07:32:52', '40', '07:32:55', '07:32:54'),
(215, '2019-12-29', 1, '20', '-7.208203', '112.778019', '4', '07:32:52', '40', '07:32:55', '07:32:54'),
(216, '0000-00-00', 1, '20', '-7.208203', '112.778019', '4', '07:32:52', '40', '07:32:55', '03:10:19'),
(217, '2020-01-06', 1, '20', '0.000000', '0.000000', '4', '00:00:01', '40', '08:47:57', '08:47:56'),
(218, '2020-01-06', 1, '20', '0.000000', '0.000000', '1', '00:00:01', '40', '08:48:31', '08:48:29'),
(219, '2020-01-06', 1, '20', '0.000000', '0.000000', '4', '00:00:01', '40', '08:48:55', '08:48:53'),
(220, '2020-01-06', 1, '20', '0.000000', '0.000000', '2', '00:00:01', '40', '08:49:16', '08:49:14'),
(221, '2020-01-06', 0, '20', '0.000000', '0.000000', '1', '00:00:01', '40', '08:49:31', '08:49:30'),
(222, '2020-01-06', 1, '20', '0.000000', '0.000000', '1', '00:00:01', '40', '08:50:20', '08:50:19'),
(223, '2020-01-06', 1, '20', '0.000000', '0.000000', '1', '00:00:01', '40', '08:50:39', '08:50:37'),
(224, '2020-01-06', 1, '20', '0.000000', '0.000000', '2', '00:00:01', '40', '08:50:42', '08:50:41'),
(225, '2020-01-06', 1, '20', '0.000000', '0.000000', '3', '00:00:01', '40', '08:50:47', '08:50:46'),
(226, '2020-01-06', 1, '20', '0.000000', '0.000000', '2', '02:51:57', '40', '08:51:57', '08:51:56'),
(227, '2020-01-06', 1, '20', '0.000000', '0.000000', '1', '02:52:19', '40', '08:52:20', '08:52:18'),
(228, '2020-01-06', 1, '20', '0.000000', '0.000000', '1', '02:52:27', '40', '08:52:28', '08:52:26'),
(229, '2020-01-06', 0, '20', '0.000000', '0.000000', '4', '02:57:46', '40', '08:57:46', '08:57:50'),
(230, '2020-01-06', 1, '20', '0.000000', '0.000000', '2', '04:38:27', '40', '10:38:27', '10:38:26'),
(231, '2020-01-06', 1, '20', '0.000000', '0.000000', '3', '04:39:37', '40', '10:39:37', '10:39:36'),
(232, '2020-01-10', 1, '20', '0.000000', '0.000000', '1', '00:00:00', '50', '05:54:25', '05:54:24'),
(233, '2020-01-10', 1, '30', '0.000000', '0.000000', '1', '00:00:07', '50', '05:54:33', '05:54:32'),
(234, '2020-01-10', 1, '30', '0.000000', '0.000000', '3', '00:00:07', '50', '05:54:35', '05:54:33'),
(235, '2020-01-10', 1, '30', '0.000000', '0.000000', '1', '00:00:07', '50', '05:54:36', '05:54:34'),
(236, '2020-01-10', 1, '30', '0.000000', '0.000000', '1', '00:00:07', '50', '05:54:54', '05:54:52'),
(237, '2020-01-10', 1, '30', '0.000000', '0.000000', '1', '00:00:07', '50', '05:54:55', '05:54:53'),
(238, '2020-01-10', 1, '30', '0.000000', '0.000000', '1', '00:00:07', '50', '05:54:56', '05:54:55'),
(239, '2020-01-10', 1, '30', '0.000000', '0.000000', '1', '00:00:07', '50', '05:54:59', '05:54:57'),
(240, '2020-01-10', 1, '30', '0.000000', '0.000000', '1', '00:00:07', '50', '05:55:08', '05:55:06'),
(241, '2020-01-10', 1, '30', '0.000000', '0.000000', '1', '00:00:07', '50', '05:55:11', '05:55:10'),
(242, '2020-01-10', 1, '30', '0.000000', '0.000000', '1', '00:00:07', '50', '05:55:20', '05:55:18'),
(243, '2020-01-10', 1, '30', '0.000000', '0.000000', '1', '00:00:07', '50', '05:55:25', '05:55:24'),
(244, '2020-01-10', 1, '30', '0.000000', '0.000000', '1', '00:00:07', '50', '05:55:28', '05:55:27'),
(245, '2020-01-10', 1, '30', '0.000000', '0.000000', '1', '00:00:07', '50', '05:55:33', '05:55:32'),
(246, '2020-01-10', 1, '30', '0.000000', '0.000000', '1', '00:00:07', '50', '05:55:37', '05:55:35'),
(247, '2020-01-10', 1, '30', '0.000000', '0.000000', '1', '00:00:07', '50', '05:55:38', '05:55:37'),
(248, '2020-01-10', 1, '30', '0.000000', '0.000000', '1', '00:00:07', '50', '05:55:40', '05:55:38'),
(249, '2020-01-10', 1, '30', '0.000000', '0.000000', '1', '00:00:07', '50', '05:55:41', '05:55:41'),
(250, '2020-01-10', 1, '30', '0.000000', '0.000000', '1', '00:00:07', '50', '05:55:43', '05:55:42'),
(251, '2020-01-10', 1, '30', '0.000000', '0.000000', '1', ' 7: 0: 0. 0', '50', '06:02:40.491847', '06:02:39'),
(252, '2020-01-10', 0, '30', '0.000000', '0.000000', '1', ' 7: 0: 0. 0', '50', '06:02:41.840806', '06:02:40'),
(253, '2020-01-10', 1, '30', '0.000000', '0.000000', '2', ' 6: 7:12. 0', '50', '06:07:11.453143', '06:07:10'),
(254, '2020-01-10', 1, '30', '0.000000', '0.000000', '2', ' 6: 7:13. 0', '40', '06:07:12', '06:07:11'),
(255, '2020-01-10', 1, '30', '0.000000', '0.000000', '2', ' 6: 7:13. 0', '50', '06:07:12.839161', '06:07:11'),
(256, '2020-01-10', 1, '30', '0.000000', '0.000000', '2', ' 6: 7:14. 0', '40', '06:07:14', '06:07:12'),
(257, '2020-01-10', 1, '30', '0.000000', '0.000000', '1', ' 6: 7:51. 0', '50', '06:07:50.873527', '06:07:49'),
(258, '2020-01-10', 1, '30', '0.000000', '0.000000', '1', ' 6: 7:52. 0', '50', '06:07:52.190544', '06:07:50'),
(259, '2020-01-10', 1, '30', '0.000000', '0.000000', '3', ' 6: 7:56. 0', '40', '06:07:56', '06:07:55'),
(260, '2020-01-10', 1, '30', '0.000000', '0.000000', '3', ' 6: 7:57. 0', '50', '06:07:57.630305', '06:07:56'),
(261, '2020-01-10', 1, '30', '0.000000', '0.000000', '4', '30: 9:37.   0', '40', '06:09:36', '06:09:35'),
(262, '2020-01-10', 1, '30', '0.000000', '0.000000', '3', '30:10:18. 0', '50', '06:10:17.579387', '06:10:16'),
(263, '2020-01-10', 1, '20', '0.000000', '0.000000', '1', ' 6:11:32.46', '50', '06:11:34.019288', '06:11:32'),
(264, '2020-01-10', 1, '20', '0.000000', '0.000000', '1', ' 6:11:45.32', '50', '06:11:46.848009', '06:11:46'),
(265, '2020-01-10', 1, '20', '0.000000', '0.000000', '1', ' 6:11:45.32', '40', '06:11:46', '06:11:46'),
(266, '2020-01-10', 1, '20', '0.000000', '0.000000', '2', ' 6:12:34.32', '50', '06:12:35.800999', '06:12:34'),
(267, '2020-01-10', 1, '20', '0.000000', '0.000000', '2', ' 6:12:34.32', '50', '06:12:37.407480', '06:12:35'),
(268, '2020-01-10', 1, '20', '0.000000', '0.000000', '1', ' 6:12:40.32', '40', '06:12:41', '06:12:40'),
(269, '2020-01-10', 1, '20', '0.000000', '0.000000', '3', ' 6:12:40.32', '40', '06:12:43', '06:12:41'),
(270, '2020-01-10', 1, '20', '0.000000', '0.000000', '2', ' 6:12:44.32', '40', '06:12:47', '06:12:45'),
(271, '2020-01-10', 1, '20', '0.000000', '0.000000', '1', ' 6:12:48.32', '40', '06:12:50', '06:12:49'),
(272, '2020-01-10', 1, '20', '0.000000', '0.000000', '1', ' 6:12:48.32', '50', '06:12:50.535703', '06:12:50'),
(273, '2020-01-10', 1, '20', '0.000000', '0.000000', '1', ' 6:12:55.32', '50', '06:12:56.694171', '06:12:55'),
(274, '2020-01-10', 1, '20', '0.000000', '0.000000', '1', ' 6:12:55.32', '40', '06:12:58', '06:12:56'),
(275, '2020-01-10', 1, '20', '0.000000', '0.000000', '1', ' 6:12:55.32', '50', '06:12:58.158870', '06:12:56'),
(276, '2020-01-10', 1, '20', '0.000000', '0.000000', '1', ' 6:12:57.32', '40', '06:12:59', '06:12:58'),
(277, '2020-01-10', 1, '20', '0.000000', '0.000000', '1', ' 6:12:58.32', '40', '06:13:00', '06:12:59'),
(278, '2020-01-10', 1, '20', '0.000000', '0.000000', '1', ' 6:13: 1.32', '50', '06:13:03.304385', '06:13:01'),
(279, '2020-01-10', 1, '20', '0.000000', '0.000000', '1', ' 6:13: 2.32', '50', '06:13:04.697494', '06:13:03'),
(280, '2020-01-10', 1, '20', '0.000000', '0.000000', '1', ' 6:13: 2.32', '40', '06:13:06', '06:13:04'),
(281, '2020-01-10', 1, '20', '0.000000', '0.000000', '1', ' 6:13: 5.32', '40', '06:13:07', '06:13:05'),
(282, '2020-01-10', 1, '20', '0.000000', '0.000000', '1', ' 6:13: 6.32', '40', '06:13:08', '06:13:07'),
(283, '2020-01-10', 1, '20', '0.000000', '0.000000', '1', ' 6:13: 6.32', '50', '06:13:10.006648', '06:13:08'),
(284, '2020-01-10', 1, '20', '0.000000', '0.000000', '1', ' 6:13: 6.32', '40', '06:13:10', '06:13:09'),
(285, '2020-01-10', 1, '20', '0.000000', '0.000000', '1', ' 6:13: 9.32', '50', '06:13:11.530523', '06:13:10'),
(286, '2020-01-10', 1, '20', '0.000000', '0.000000', '1', ' 6:13:10.32', '40', '06:13:12', '06:13:11'),
(287, '2020-01-10', 1, '20', '0.000000', '0.000000', '1', ' 6:13:10.32', '40', '06:13:14', '06:13:12'),
(288, '2020-01-10', 1, '20', '0.000000', '0.000000', '1', ' 6:13:10.32', '50', '06:13:14.005831', '06:13:12'),
(289, '2020-01-10', 1, '20', '0.000000', '0.000000', '1', ' 6:13:13.32', '50', '06:13:15.486971', '06:13:14'),
(290, '2020-01-10', 1, '20', '0.000000', '0.000000', '1', ' 6:13:13.32', '40', '06:13:15', '06:13:14'),
(291, '2020-01-10', 1, '20', '0.000000', '0.000000', '1', ' 6:13:17.32', '40', '06:13:19', '06:13:18'),
(292, '2020-01-10', 1, '20', '0.000000', '0.000000', '3', ' 6:13:18.32', '50', '06:13:20.758083', '06:13:20'),
(293, '2020-01-10', 1, '20', '0.000000', '0.000000', '3', ' 6:13:18.32', '40', '06:13:22', '06:13:20'),
(294, '2020-01-10', 0, '20', '0.000000', '0.000000', '1', ' 6:15:26.38', '40', '06:15:29', '06:15:27'),
(295, '2020-01-10', 1, '20', '0.000000', '0.000000', '4', ' 6:15:38.59', '50', '06:15:40.356030', '06:15:38'),
(296, '2020-01-10', 0, '20', '0.000000', '0.000000', '2', ' 6:15:38.56', '40', '06:15:42', '06:15:40'),
(297, '2020-01-11', 1, '20', '-7.208132', '112.777820', '3', ' 7:42:27.96', '50', '07:42:28.458773', '07:42:27'),
(298, '2020-01-11', 1, '30', '0.000000', '0.000000', '2', ' 7:44:50.70', '50', '07:44:50.983305', '07:44:49'),
(299, '2020-01-11', 0, '30', '0.000000', '0.000000', '3', ' 0: 0: 0. 0', '50', '07:46:52.372856', '07:46:50'),
(300, '2020-01-11', 1, '30', '-7.207739', '112.778010', '4', ' 7:47:10.59', '50', '07:47:09.539705', '07:47:08'),
(301, '2020-01-11', 1, '30', '-7.207727', '112.778020', '3', ' 7:47:27.79', '50', '07:47:27.222476', '07:47:25'),
(302, '2020-01-11', 1, '30', '0.000000', '0.000000', '3', ' 0: 0: 0. 0', '50', '07:47:28.951273', '07:47:27'),
(303, '2020-01-11', 1, '30', '0.000000', '0.000000', '4', ' 0: 0: 0. 0', '50', '07:47:51.193366', '07:47:49'),
(304, '2020-01-11', 1, '30', '0.000000', '0.000000', '4', ' 0: 0: 0. 0', '50', '07:47:52.562905', '07:47:51'),
(305, '2020-01-11', 1, '30', '0.000000', '0.000000', '4', ' 0: 0: 0. 0', '50', '07:47:55.189168', '07:47:53'),
(306, '2020-01-11', 1, '30', '-7.207642', '112.778110', '4', ' 7:48:26.50', '50', '07:48:26.081751', '07:48:24'),
(307, '2020-01-11', 1, '30', '-7.207642', '112.778110', '4', ' 7:48:26.50', '50', '07:48:27.764409', '07:48:26'),
(308, '2020-01-11', 1, '30', '-7.207613', '112.778160', '2', ' 7:48:38.26', '50', '07:48:38.320116', '07:48:36'),
(309, '2020-01-11', 1, '30', '0.000000', '0.000000', '2', ' 0: 0: 0. 0', '50', '07:48:40.536760', '07:48:39'),
(310, '2020-01-11', 1, '30', '0.000000', '0.000000', '3', ' 0: 0: 0. 0', '50', '07:48:51.698568', '07:48:50'),
(311, '2020-01-11', 1, '30', '-7.207530', '112.778250', '2', ' 7:49:49.10', '50', '07:49:48.586752', '07:49:47'),
(312, '2020-01-11', 1, '30', '0.000000', '0.000000', '2', ' 0: 0: 0. 0', '50', '07:49:53.179462', '07:49:51'),
(313, '2020-01-11', 1, '30', '0.000000', '0.000000', '3', ' 0: 0: 0. 0', '50', '07:49:57.694962', '07:49:56'),
(314, '2020-01-11', 1, '30', '0.000000', '0.000000', '3', ' 0: 0: 0. 0', '50', '07:49:59.925184', '07:49:58'),
(315, '2020-01-11', 1, '30', '0.000000', '0.000000', '3', ' 0: 0: 0. 0', '50', '07:50:02.102900', '07:50:00'),
(316, '2020-01-11', 1, '30', '0.000000', '0.000000', '3', ' 0: 0: 0. 0', '50', '07:50:32.296156', '07:50:30'),
(317, '2020-01-11', 1, '30', '0.000000', '0.000000', '3', ' 0: 0: 0. 0', '50', '07:50:44.383731', '07:50:42'),
(318, '2020-01-11', 1, '30', '0.000000', '0.000000', '3', ' 0: 0: 0. 0', '50', '07:50:47.042971', '07:50:45'),
(319, '2020-01-11', 1, '30', '0.000000', '0.000000', '2', ' 0: 0: 0. 0', '50', '07:50:52.255838', '07:50:50'),
(320, '2020-01-11', 1, '30', '0.000000', '0.000000', '2', ' 0: 0: 0. 0', '50', '07:50:56.953775', '07:50:55'),
(321, '2020-01-11', 1, '30', '-7.207434', '112.778370', '2', ' 7:50:59.50', '50', '07:50:58.461873', '07:50:56'),
(322, '2020-01-11', 1, '30', '-7.207434', '112.778370', '2', ' 7:50:59.50', '50', '07:51:01.107090', '07:50:59'),
(323, '2020-01-11', 1, '30', '-7.206872', '112.778430', '3', ' 8: 8:41.50', '50', '08:08:43.164452', '08:08:41'),
(324, '2020-01-11', 1, '30', '-7.206845', '112.778410', '2', ' 8:10:33.79', '50', '08:10:36.506569', '08:10:35'),
(325, '2020-01-11', 1, '30', '0.000000', '0.000000', '2', ' 0: 0: 0. 0', '50', '08:10:38.389502', '08:10:36'),
(326, '2020-01-11', 1, '30', '0.000000', '0.000000', '3', ' 0: 0: 0. 0', '50', '08:10:45.096139', '08:10:43'),
(327, '2020-01-11', 1, '30', '-7.206864', '112.778430', '3', ' 8:10:57.70', '50', '08:11:00.733806', '08:10:59'),
(328, '2020-01-11', 1, '20', '-7.206956', '112.778042', '1', '8:30:35.45', '50', '08:30:35.694365', '08:30:34'),
(329, '2020-01-11', 1, '30', '-7.206568', '112.778535', '2', '8:32:21.67', '50', '08:32:22.095635', '08:32:21'),
(330, '2020-01-11', 1, '20', '-7.206547', '112.778342', '3', '8:35:15.36', '50', '08:35:15.980523', '08:35:14'),
(331, '2020-01-11', 1, '30', '0.000000', '0.000000', '1', '0:0:0.0', '50', '08:35:16.235686', '08:35:15'),
(332, '2020-01-11', 1, '20', '0.000000', '0.000000', '4', '0:0:0.0', '50', '08:36:17.321896', '08:36:16'),
(333, '2020-01-11', 1, '30', '-7.205530', '112.777913', '2', '8:43:27.57', '50', '08:43:28.127654', '08:43:27'),
(334, '2020-01-11', 1, '20', '-7.205484', '112.778041', '1', '8:47:13.32', '50', '08:48:00.142387', '08:47:59'),
(335, '2020-01-11', 1, '20', '-7.204689', '112.778342', '4', '8:50:03.12', '50', '08:50:40.346578', '08:50:59'),
(336, '2020-01-11', 1, '20', '-7.203050', '112.778578', '2', '8:54:45.42', '50', '08:55:06.245677', '08:54:05'),
(337, '2020-01-11', 1, '30', '0.000000', '0.000000', '3', '0:0:0.0', '50', '08:56:13.975624', '08:56:12'),
(338, '2020-01-11', 1, '30', '0.000000', '0.000000', '4', '0:0:0.0', '50', '08:58:21.346789', '08:58:20'),
(339, '2020-01-11', 1, '20', '0.000000', '0.000000', '1', '0:0:0.0', '50', '08:59:01.326808', '08:59:00'),
(340, '2020-01-11', 1, '30', '0.000000', '0.000000', '3', '0:0:0.0', '50', '08:59:34.139089', '08:59:33'),
(341, '2020-01-11', 1, '30', '-7.202609', '112.777910', '4', '9:12:04.23', '50', '09:12:04.501346', '09:12:03'),
(342, '2020-01-11', 1, '30', '-7.201990', '112.778115', '1', '9:12:08.47', '50', '09:12:09.181234', '09:12:08'),
(343, '2020-01-11', 1, '20', '-7.201792', '112.778337', '2', '9:18:14.16', '50', '09:18:14.572468', '09:12:17'),
(344, '2020-01-11', 1, '30', '-7.201283', '112.778450', '4', '9:25:07.17', '50', '09:25:07.503461', '09:12:06'),
(345, '2020-01-11', 1, '30', '0.000000', '0.000000', '3', '0:0:0.0', '50', '09:27:45.753432', '09:27:44'),
(346, '2020-01-11', 1, '30', '0.000000', '0.000000', '1', '0:0:0.0', '50', '09:29:21.125896', '09:29:20'),
(347, '2020-01-11', 1, '20', '0.000000', '0.000000', '2', '0:0:0.0', '50', '09:33:14.785321', '09:33:13'),
(348, '2020-01-11', 1, '20', '-7.200877', '112.778550', '4', '9:34:27.47', '50', '09:34:27.835325', '09:34:26'),
(349, '2020-01-11', 1, '20', '-7.200684', '112.778636', '3', '9:39:11.56', '50', '09:39:12.003527', '09:39:11'),
(350, '2020-01-11', 1, '30', '-7.199793', '112.778020', '1', '9:45:34.12', '50', '09:45:34.514214', '09:45:33'),
(351, '2020-01-11', 1, '30', '-7.199580', '112.778621', '2', '9:51:12.89', '50', '09:51:13.251246', '09:51:11'),
(352, '2020-01-11', 1, '30', '-7.199303', '112.778568', '1', '9:56:45.16', '50', '09:56:45.584865', '09:56:44'),
(353, '2020-01-11', 1, '20', '0.000000', '0.000000', '4', '0:0:0.0', '50', '09:56:48.243813', '09:56:47'),
(354, '2020-01-11', 1, '20', '0.000000', '0.000000', '2', '0:0:0.0', '50', '09:56:51.169632', '09:56:50'),
(355, '2020-01-11', 1, '20', '-7.198883', '112.778278', '3', '10:01:23.28', '50', '10:01:23.795871', '10:01:22'),
(356, '2020-01-11', 1, '30', '-7.198611', '112.778750', '2', '10:07:14.38', '50', '10:07:14.942885', '10:07:13'),
(357, '2020-01-11', 1, '20', '-7.197878', '112.778729', '2', '10:18:48.13', '50', '10:18:48.658953', '10:18:47'),
(358, '2020-01-11', 1, '30', '-7.197301', '112.778605', '1', '10:26:18.24', '50', '10:26:18.815384', '10:26:17'),
(359, '2020-01-11', 1, '20', '-7.197193', '112.779056', '4', '10:27:12.42', '40', '10:27:14.847342', '10:27:13'),
(360, '2020-01-11', 1, '30', '-7.197711', '112.778947', '2', '10:30:14.56', '40', '10:30:16.913674', '10:30:15'),
(361, '2020-01-11', 1, '20', '-7.198138', '112.778977', '3', '10:33:56.25', '40', '10:33:58.742589', '10:33:57'),
(362, '2020-01-11', 1, '30', '-7.198816', '112.778725', '2', '10:35:41.22', '40', '10:35:43.793471', '10:35:42'),
(363, '2020-01-11', 1, '30', '0.000000', '0.000000', '4', '0:0:0.0', '40', '10:37:52.153451', '10:37:51'),
(364, '2020-01-11', 1, '30', '0.000000', '0.000000', '2', '0:0:0.0', '40', '10:38:27.549253', '10:38:26'),
(365, '2020-01-11', 1, '20', '0.000000', '0.000000', '3', '0:0:0.0', '40', '10:38:27.642689', '10:38:26'),
(366, '2020-01-11', 1, '20', '-7.199547', '112.778839', '1', '10:39:38.67', '40', '10:39:41.302456', '10:39:40'),
(367, '2020-01-11', 1, '30', '-7.199984', '112.779038', '1', '10:41:31.27', '40', '10:41.33.968967', '10:41:32'),
(368, '2020-01-11', 1, '20', '-7.199957', '112.778928', '2', '10:42:20.15', '40', '10:42:22.736414', '10:42:21'),
(369, '2020-01-11', 1, '30', '0.000000', '0.000000', '3', '0:0:0.0', '40', '10:43:10.314125', '10:43:09'),
(370, '2020-01-11', 1, '20', '0.000000', '0.000000', '1', '0:0:0.0', '40', '10:43:10.314125', '10:43:09'),
(371, '2020-01-11', 1, '20', '-7.200347', '112.778341', '4', '10:44:16.14', '40', '10:44:18.865678', '10:48:17'),
(372, '2020-01-11', 1, '30', '-7.200757', '112.778711', '3', '10:46:01.26', '40', '10:46:04.056215', '10:46:03'),
(373, '2020-01-11', 1, '30', '-7.201268', '112.778359', '2', '10:47:42.18', '40', '10:47:45.028749', '10:47:44'),
(374, '2020-01-11', 1, '20', '-7.201937', '112.778586', '1', '10:48:56.37', '40', '10:48:59.328131', '10:48:58'),
(375, '2020-01-11', 1, '20', '-7.202240', '112.778819', '3', '10:49:02.62', '40', '10:49:05.591612', '10:49:04'),
(376, '2020-01-11', 1, '20', '0.000000', '0.000000', '2', '0:0:0.0', '40', '10:50:10.318732', '10:50:09'),
(377, '2020-01-11', 1, '30', '0.000000', '0.000000', '2', '0:0:0.0', '40', '10:50:10.318739', '10:50:09'),
(378, '2020-01-11', 1, '30', '0.000000', '0.000000', '4', '0:0:0.0', '40', '10:51:03.194178', '10:51:04'),
(379, '2020-01-11', 1, '30', '0.000000', '0.000000', '1', '0:0:0.0', '40', '10:51:42.215467', '10:41:41'),
(380, '2020-01-11', 1, '30', '-7.202730', '112.778523', '2', '10:52:32.37', '40', '10:52:35.405134', '10:52:34'),
(381, '2020-01-11', 1, '20', '-7.203204', '112.778814', '4', '10:53:21.08', '40', '10:53:24.249416', '10:53:23'),
(382, '2020-01-11', 1, '30', '-7.203717', '112.778399', '4', '10:54:12.26', '40', '10:54:15:350814', '10:54:14'),
(383, '2020-01-11', 1, '20', '-7.204689', '112.777877', '2', '10:55:17.15', '40', '10:55:20.396135', '10:55:19'),
(384, '2020-01-11', 1, '20', '-7.206315', '112.778257', '3', '10:56:19.28', '40', '10:56:22.741963', '10:56:21'),
(385, '2020-01-11', 1, '20', '-7.207025', '112.777997', '3', '10:58:29.14', '40', '10:58:32.639157', '10:58:31'),
(386, '2020-01-11', 1, '30', '-7.207486', '112.777803', '1', '11:01:10.29', '40', '11:01:13.715434', '11:01:12'),
(387, '2020-01-11', 1, '30', '-7.207851', '112.778214', '4', '11:04:31.24', '40', '11:04:34.694157', '11:04:33'),
(388, '2020-01-11', 1, '20', '-7.179870', '112.779668', '1', '12:36:13.12', '50', '12:36:18.238969', '12:36:17'),
(389, '2020-01-11', 1, '20', '-7.180883', '112.778545', '2', '12:39:19.14', '50', '12:39:24.482156', '12:39:23'),
(390, '2020-01-11', 1, '20', '-7.181184', '112.779377', '3', '12:43:34.34', '50', '12:43:39.731785', '12:43:38'),
(391, '2020-01-11', 1, '20', '0.000000', '0.000000', '1', '0:0:0.0', '50', '12:44:53.187926', '12:44:52'),
(392, '2020-01-11', 1, '20', '0.000000', '0.000000', '4', '0:0:0.0', '50', '12:44:55.865312', '12:44:54'),
(393, '2020-01-11', 1, '20', '-7.182613', '112.779530', '2', '12:46:36.78', '50', '12:46:42.569012', '12:46:41'),
(394, '2020-01-11', 1, '20', '-7.183686', '112.779665', '1', '12:47:47.12', '50', '12:47:52.763919', '12:47:51'),
(395, '2020-01-11', 1, '20', '0.000000', '0.000000', '4', '0:0:0.0', '50', '12:48:01.875426', '12:48:00'),
(396, '2020-01-11', 1, '20', '-7.186036', '112.778968', '2', '12:49:16.31', '50', '12:49:22.038715', '12:49:21'),
(397, '2020-01-11', 1, '20', '-7.188023', '112.778907', '3', '12:53:28.74', '50', '12:53:34.751681', '12:53:33'),
(398, '2020-01-11', 1, '20', '-7.191131', '112.778877', '4', '12:58:17.64', '50', '12:58:23.996813', '12:58:22'),
(399, '2020-01-11', 1, '20', '0.000000', '0.000000', '1', '0:0:0.0', '50', '12:59:52.178915', '12:59:51'),
(400, '2020-01-11', 1, '20', '0.000000', '0.000000', '3', '0:0:0.0', '50', '12:59:58.126154', '12:59:57'),
(401, '2020-01-11', 1, '20', '-7.191882', '112.779181', '4', '13:01:23.35', '50', '13:01:29.649913', '13:01:28'),
(402, '2020-01-11', 1, '20', '-7.195779', '112.777762', '1', '13:09:34.18', '50', '13:09:40.925797', '13:09:39'),
(403, '2020-01-11', 1, '20', '-7.196007', '112.778939', '2', '13:11:42.64', '50', '13:11:49.358918', '13:11:48'),
(404, '2020-01-11', 1, '20', '0.000000', '0.000000', '4', '0:0:0.0', '50', '13:12:56.674113', '13:12:55'),
(405, '2020-01-11', 1, '20', '0.000000', '0.000000', '3', '0:0:0.0', '50', '13:13:54.172567', '13:13:53'),
(406, '2020-01-11', 1, '20', '-7.198752', '112.777089', '1', '13:14:35.87', '50', '13:14:42.891572', '12:14:41'),
(407, '2020-01-11', 1, '20', '-7.200165', '112.777402', '2', '13:19:16.72', '50', '13:19:24.341851', '13:19:23'),
(408, '2020-01-11', 1, '20', '-7.201311', '112.778214', '4', '13:21:46.56', '50', '13:21:54.451933', '13:21:53'),
(409, '2020-01-11', 1, '20', '-7.202296', '112.778701', '3', '13:23:32.46', '50', '13:23:40.406516', '13:23:39'),
(410, '2020-01-11', 1, '20', '0.000000', '0.000000', '1', '0:0:0.0', '50', '13:23:56.578923', '13:23:55'),
(411, '2020-01-11', 1, '20', '0.000000', '0.000000', '2', '0:0:0.0', '50', '13:24:02.655686', '13:24:01'),
(412, '2020-01-11', 1, '20', '0.000000', '0.000000', '1', '0:0:0.0', '50', '13:24:56.256217', '13:24:55'),
(413, '2020-01-11', 1, '20', '-7.203393', '112.776811', '4', '13:25:34.17', '50', '13:25:42.381901', '13:25:41'),
(414, '2020-01-11', 1, '20', '-7.203961', '112.778196', '2', '13:27:23.65', '50', '13:27:31.880363', '13:26:30'),
(415, '2020-01-11', 1, '20', '-7.204766', '112.778485', '3', '13:29:16.89', '50', '13:29:25.369018', '13:29:24'),
(416, '2020-01-11', 1, '20', '-7.205590', '112.778304', '2', '13:32:52.73', '50', '13:33:01.175251', '13:33:00'),
(417, '2020-01-11', 0, '20', '-7.206149', '112.777682', '2', '13:36:12.39', '50', '13:36:21.451908', '13:36:20'),
(418, '2020-01-22', 1, '30', '7.112233', '112.112233', '4', '18:10:11', '40', '', '23:59:05'),
(419, '2020-01-22', 1, '20', '7.112233', '112.112233', '4', '18:10:11', '40', '', '23:59:22'),
(420, '2020-01-22', 1, '20', '7.112233', '112.112233', '2', '18:10:11', '40', '', '00:00:25'),
(421, '2020-01-22', 1, '30', '7.112233', '112.112233', '1', '18:10:11', '40', '', '00:37:33'),
(422, '2020-01-22', 1, '30', '7.112233', '112.112233', '1', '18:10:11', '40', '', '00:39:02'),
(423, '2020-01-23', 1, '20', '7.123456', '112.123456', '1', '13:27:11', '40', '', '13:27:35'),
(424, '2020-01-23', 1, '20', '7.123456', '112.123456', '1', '13:27:11', '40', '', '13:28:06'),
(425, '2020-01-23', 1, '20', '7.123456', '112.123456', '1', '13:27:11', '40', '', '13:28:51'),
(426, '2020-01-23', 1, '20', '7.123456', '112.123456', '1', '13:27:11', '40', '', '13:29:10');

-- --------------------------------------------------------

--
-- Table structure for table `tb_routing`
--

CREATE TABLE `tb_routing` (
  `id` int(11) NOT NULL,
  `flag` int(11) NOT NULL,
  `id_kapal` varchar(3) COLLATE utf8mb4_unicode_ci NOT NULL,
  `latitude` varchar(15) COLLATE utf8mb4_unicode_ci NOT NULL,
  `longitude` varchar(15) COLLATE utf8mb4_unicode_ci NOT NULL,
  `status` varchar(3) COLLATE utf8mb4_unicode_ci NOT NULL,
  `time` time NOT NULL,
  `id_rep` varchar(3) COLLATE utf8mb4_unicode_ci NOT NULL,
  `time_rep` time NOT NULL,
  `id_gw` varchar(3) COLLATE utf8mb4_unicode_ci NOT NULL,
  `time_gw` time NOT NULL,
  `time_db` time NOT NULL
) ENGINE=InnoDB DEFAULT CHARSET=utf8mb4 COLLATE=utf8mb4_unicode_ci;

-- --------------------------------------------------------

--
-- Table structure for table `tb_status`
--

CREATE TABLE `tb_status` (
  `id_status` int(11) NOT NULL,
  `nama_status` varchar(10) COLLATE utf8mb4_unicode_ci NOT NULL
) ENGINE=InnoDB DEFAULT CHARSET=utf8mb4 COLLATE=utf8mb4_unicode_ci;

--
-- Dumping data for table `tb_status`
--

INSERT INTO `tb_status` (`id_status`, `nama_status`) VALUES
(1, 'tubrukan'),
(2, 'kebocoran'),
(3, 'terbakar'),
(4, 'kandas'),
(5, 'normal');

-- --------------------------------------------------------

--
-- Table structure for table `tb_tracking`
--

CREATE TABLE `tb_tracking` (
  `id` int(11) NOT NULL,
  `id_kapal` varchar(3) COLLATE utf8mb4_unicode_ci NOT NULL,
  `longitude` varchar(15) COLLATE utf8mb4_unicode_ci NOT NULL,
  `latitude` varchar(15) COLLATE utf8mb4_unicode_ci NOT NULL,
  `time` time NOT NULL,
  `time_gw` time NOT NULL,
  `time_db` time NOT NULL
) ENGINE=InnoDB DEFAULT CHARSET=utf8mb4 COLLATE=utf8mb4_unicode_ci;

--
-- Dumping data for table `tb_tracking`
--

INSERT INTO `tb_tracking` (`id`, `id_kapal`, `longitude`, `latitude`, `time`, `time_gw`, `time_db`) VALUES
(109, '30', '112.795970', '-7.285192', '01:14:10', '01:14:14', '01:14:13'),
(110, '20', '112.795970', '-7.285192', '01:14:15', '01:14:18', '01:14:17'),
(111, '20', '112.795970', '-7.285192', '01:14:20', '01:14:23', '01:14:22'),
(112, '20', '112.796051', '-7.285109', '01:14:25', '01:14:29', '01:14:28'),
(113, '20', '112.796152', '-7.285108', '01:14:30', '01:14:34', '01:14:33'),
(114, '20', '112.796381', '-7.285169', '01:14:35', '01:14:38', '01:14:37'),
(115, '30', '112.796491', '-7.285219', '01:14:40', '01:14:42', '01:14:41'),
(116, '20', '112.796491', '-7.285219', '01:14:45', '01:14:48', '01:14:47'),
(117, '20', '112.796775', '-7.285230', '01:14:50', '01:14:54', '01:14:53'),
(118, '20', '112.796775', '-7.285230', '01:14:55', '01:14:58', '01:14:57'),
(119, '20', '112.796807', '-7.285276', '01:15:00', '01:14:02', '01:14:01'),
(120, '20', '112.796807', '-7.285276', '01:15:05', '01:14:08', '01:14:07');

-- --------------------------------------------------------

--
-- Table structure for table `tb_user`
--

CREATE TABLE `tb_user` (
  `id` int(11) NOT NULL,
  `user` varchar(15) COLLATE utf8mb4_unicode_ci NOT NULL,
  `pass` varchar(15) COLLATE utf8mb4_unicode_ci NOT NULL
) ENGINE=InnoDB DEFAULT CHARSET=utf8mb4 COLLATE=utf8mb4_unicode_ci;

--
-- Dumping data for table `tb_user`
--

INSERT INTO `tb_user` (`id`, `user`, `pass`) VALUES
(1, 'admin', 'admin');

-- --------------------------------------------------------

--
-- Table structure for table `tb_valid_waktu`
--

CREATE TABLE `tb_valid_waktu` (
  `id` int(11) NOT NULL,
  `date` date NOT NULL DEFAULT current_timestamp(),
  `flag` int(11) NOT NULL,
  `id_kapal` varchar(3) COLLATE utf8mb4_unicode_ci NOT NULL,
  `latitude` varchar(15) COLLATE utf8mb4_unicode_ci DEFAULT NULL,
  `longitude` varchar(15) COLLATE utf8mb4_unicode_ci DEFAULT NULL,
  `status` varchar(3) COLLATE utf8mb4_unicode_ci NOT NULL,
  `time` varchar(20) COLLATE utf8mb4_unicode_ci NOT NULL,
  `id_gw` varchar(3) COLLATE utf8mb4_unicode_ci NOT NULL,
  `time_gw` varchar(20) COLLATE utf8mb4_unicode_ci NOT NULL,
  `time_db` time NOT NULL DEFAULT current_timestamp()
) ENGINE=InnoDB DEFAULT CHARSET=utf8mb4 COLLATE=utf8mb4_unicode_ci;

--
-- Dumping data for table `tb_valid_waktu`
--

INSERT INTO `tb_valid_waktu` (`id`, `date`, `flag`, `id_kapal`, `latitude`, `longitude`, `status`, `time`, `id_gw`, `time_gw`, `time_db`) VALUES
(1, '2020-01-26', 1, '20', '-7.286267', '112.793710', '1', '06:11:59.75', '50', '06:11:59.82', '06:12:06'),
(2, '2020-01-26', 1, '20', '-7.286267', '112.793710', '1', '06:12:05.82', '50', '05:31:05.25', '06:12:11'),
(3, '2020-01-26', 1, '20', '-7.286267', '112.793710', '1', '06:12:09.87', '50', '05:31:09.51', '06:12:15'),
(4, '2020-01-26', 1, '20', '-7.286267', '112.793710', '1', '06:12:11.93', '50', '05:31:15.81', '06:12:18'),
(5, '2020-01-26', 1, '20', '-7.286267', '112.793710', '1', '06:12:19.04', '50', '05:31:23.08', '06:12:25'),
(6, '2020-01-26', 1, '20', '-7.286267', '112.793710', '1', '06:12:23.09', '50', '05:31:28.40', '06:12:29'),
(7, '2020-01-26', 1, '20', '-7.286267', '112.793710', '1', '06:12:30.18', '50', '05:31:33.71', '06:12:36'),
(8, '2020-01-26', 1, '20', '-7.286267', '112.793710', '1', '06:12:34.30', '50', '05:31:36.97', '06:12:40'),
(9, '2020-01-26', 1, '20', '-7.286267', '112.793710', '1', '06:12:40.43', '50', '05:31:44.24', '06:12:46'),
(10, '2020-01-26', 1, '20', '-7.286267', '112.793710', '1', '06:12:44.58', '50', '05:31:46.51', '06:12:50'),
(11, '2020-01-26', 1, '20', '-7.286267', '112.793710', '1', '06:12:51.67', '50', '05:31:48.82', '06:12:57'),
(12, '2020-01-26', 1, '20', '-7.286267', '112.793710', '1', '06:12:56.75', '50', '05:31:52.16', '06:13:03'),
(13, '2020-01-26', 1, '20', '-7.286267', '112.793710', '1', '06:13:03.87', '50', '05:31:59.49', '06:13:10'),
(14, '2020-01-26', 1, '20', '-7.286267', '112.793710', '1', '06:13:10.02', '50', '05:32:02.83', '06:13:16'),
(15, '2020-01-26', 1, '20', '-7.286267', '112.793710', '1', '06:13:16.15', '50', '05:32:09.15', '06:13:22'),
(16, '2020-01-26', 1, '20', '-7.286267', '112.793710', '1', '06:13:20.27', '50', '05:32:14.48', '06:13:26'),
(17, '2020-01-26', 1, '20', '-7.286267', '112.793710', '1', '06:13:23.36', '50', '05:32:19.74', '06:13:29'),
(18, '2020-01-26', 1, '20', '-7.286267', '112.793710', '1', '06:13:28.50', '50', '05:32:25.02', '06:13:34'),
(19, '2020-01-26', 1, '20', '-7.286267', '112.793710', '1', '06:13:35.62', '50', '05:32:30.29', '06:13:41'),
(20, '2020-01-26', 1, '20', '-7.286267', '112.793710', '1', '06:13:38.71', '50', '05:32:34.54', '06:13:44'),
(21, '2020-01-26', 1, '20', '-7.286267', '112.793710', '1', '06:13:41.85', '50', '05:32:39.80', '06:13:47'),
(22, '2020-01-26', 1, '20', '-7.286267', '112.793710', '1', '06:13:46.10', '50', '05:32:47.10', '06:13:53'),
(23, '2020-01-26', 1, '20', '-7.286267', '112.793710', '1', '06:13:53.07', '50', '05:32:51.41', '06:13:59'),
(24, '2020-01-26', 1, '20', '-7.286267', '112.793710', '1', '06:13:59.26', '50', '05:32:53.70', '06:14:06'),
(25, '2020-01-26', 1, '20', '-7.286267', '112.793710', '1', '06:14:02.44', '50', '05:32:55.98', '06:14:08'),
(26, '2020-01-26', 1, '20', '-7.286267', '112.793710', '1', '06:14:07.53', '50', '05:32:51.42', '06:14:13'),
(27, '2020-01-26', 1, '20', '-7.286267', '112.793710', '1', '06:14:09.61', '50', '05:32:53.71', '06:14:15');

--
-- Indexes for dumped tables
--

--
-- Indexes for table `tb_coba`
--
ALTER TABLE `tb_coba`
  ADD PRIMARY KEY (`no`);

--
-- Indexes for table `tb_dummy`
--
ALTER TABLE `tb_dummy`
  ADD PRIMARY KEY (`id`);

--
-- Indexes for table `tb_dummy1`
--
ALTER TABLE `tb_dummy1`
  ADD PRIMARY KEY (`id`);

--
-- Indexes for table `tb_kapal`
--
ALTER TABLE `tb_kapal`
  ADD PRIMARY KEY (`id_kapal`);

--
-- Indexes for table `tb_monitoring`
--
ALTER TABLE `tb_monitoring`
  ADD PRIMARY KEY (`no`),
  ADD KEY `id_kapal_fk` (`id_kapal`);

--
-- Indexes for table `tb_monitoring_kapal`
--
ALTER TABLE `tb_monitoring_kapal`
  ADD PRIMARY KEY (`id`);

--
-- Indexes for table `tb_routing`
--
ALTER TABLE `tb_routing`
  ADD PRIMARY KEY (`id`);

--
-- Indexes for table `tb_status`
--
ALTER TABLE `tb_status`
  ADD PRIMARY KEY (`id_status`);

--
-- Indexes for table `tb_tracking`
--
ALTER TABLE `tb_tracking`
  ADD PRIMARY KEY (`id`);

--
-- Indexes for table `tb_user`
--
ALTER TABLE `tb_user`
  ADD PRIMARY KEY (`id`);

--
-- Indexes for table `tb_valid_waktu`
--
ALTER TABLE `tb_valid_waktu`
  ADD PRIMARY KEY (`id`);

--
-- AUTO_INCREMENT for dumped tables
--

--
-- AUTO_INCREMENT for table `tb_coba`
--
ALTER TABLE `tb_coba`
  MODIFY `no` int(45) NOT NULL AUTO_INCREMENT, AUTO_INCREMENT=217;

--
-- AUTO_INCREMENT for table `tb_dummy`
--
ALTER TABLE `tb_dummy`
  MODIFY `id` int(45) NOT NULL AUTO_INCREMENT, AUTO_INCREMENT=58;

--
-- AUTO_INCREMENT for table `tb_dummy1`
--
ALTER TABLE `tb_dummy1`
  MODIFY `id` int(11) NOT NULL AUTO_INCREMENT, AUTO_INCREMENT=31;

--
-- AUTO_INCREMENT for table `tb_monitoring`
--
ALTER TABLE `tb_monitoring`
  MODIFY `no` int(45) NOT NULL AUTO_INCREMENT, AUTO_INCREMENT=461;

--
-- AUTO_INCREMENT for table `tb_monitoring_kapal`
--
ALTER TABLE `tb_monitoring_kapal`
  MODIFY `id` int(11) NOT NULL AUTO_INCREMENT, AUTO_INCREMENT=427;

--
-- AUTO_INCREMENT for table `tb_routing`
--
ALTER TABLE `tb_routing`
  MODIFY `id` int(11) NOT NULL AUTO_INCREMENT;

--
-- AUTO_INCREMENT for table `tb_status`
--
ALTER TABLE `tb_status`
  MODIFY `id_status` int(11) NOT NULL AUTO_INCREMENT, AUTO_INCREMENT=7;

--
-- AUTO_INCREMENT for table `tb_tracking`
--
ALTER TABLE `tb_tracking`
  MODIFY `id` int(11) NOT NULL AUTO_INCREMENT, AUTO_INCREMENT=121;

--
-- AUTO_INCREMENT for table `tb_user`
--
ALTER TABLE `tb_user`
  MODIFY `id` int(11) NOT NULL AUTO_INCREMENT, AUTO_INCREMENT=2;

--
-- AUTO_INCREMENT for table `tb_valid_waktu`
--
ALTER TABLE `tb_valid_waktu`
  MODIFY `id` int(11) NOT NULL AUTO_INCREMENT, AUTO_INCREMENT=427;

--
-- Constraints for dumped tables
--

--
-- Constraints for table `tb_monitoring`
--
ALTER TABLE `tb_monitoring`
  ADD CONSTRAINT `id_kapal_fk` FOREIGN KEY (`id_kapal`) REFERENCES `tb_kapal` (`id_kapal`);
COMMIT;

/*!40101 SET CHARACTER_SET_CLIENT=@OLD_CHARACTER_SET_CLIENT */;
/*!40101 SET CHARACTER_SET_RESULTS=@OLD_CHARACTER_SET_RESULTS */;
/*!40101 SET COLLATION_CONNECTION=@OLD_COLLATION_CONNECTION */;
